Packet Number,Source IP,Destination IP,IHL(byte),DSCP,ECN,Protocol
1,172.16.11.1,172.16.10.1,20,0,0,6
2,172.16.10.1,172.16.11.1,20,0,0,6
3,172.16.11.1,172.16.10.1,20,0,0,6
4,172.16.11.1,172.16.10.1,20,0,0,6
5,172.16.11.1,172.16.10.1,20,0,0,6
6,172.16.11.1,172.16.10.1,20,0,0,6
7,172.16.11.1,172.16.10.1,20,0,0,6
8,172.16.11.1,172.16.10.1,20,0,0,6
9,172.16.11.1,172.16.10.1,20,0,0,6
10,172.16.11.1,172.16.10.1,20,0,0,6
11,172.16.11.1,172.16.10.1,20,0,0,6
12,172.16.11.1,172.16.10.1,20,0,0,6
13,172.16.11.1,172.16.10.1,20,0,0,6
14,172.16.10.1,172.16.11.1,20,0,0,6
15,172.16.11.1,172.16.10.1,20,0,0,6
16,172.16.11.1,172.16.10.1,20,0,0,6
17,172.16.11.1,172.16.10.1,20,0,0,6
18,172.16.11.1,172.16.10.1,20,0,0,6
19,172.16.10.1,172.16.11.1,20,0,0,6
20,172.16.11.1,172.16.10.1,20,0,0,6
21,172.16.11.1,172.16.10.1,20,0,0,6
22,172.16.10.1,172.16.11.1,20,0,0,6
23,172.16.11.1,172.16.10.1,20,0,0,6
24,172.16.11.1,172.16.10.1,20,0,0,6
25,172.16.10.1,172.16.11.1,20,0,0,6
26,172.16.11.1,172.16.10.1,20,0,0,6
27,172.16.11.1,172.16.10.1,20,0,0,6
28,172.16.10.1,172.16.11.1,20,0,0,6
29,172.16.11.1,172.16.10.1,20,0,0,6
30,172.16.11.1,172.16.10.1,20,0,0,6
31,172.16.10.1,172.16.11.1,20,0,0,6
32,172.16.11.1,172.16.10.1,20,0,0,6
33,172.16.11.1,172.16.10.1,20,0,0,6
34,172.16.10.1,172.16.11.1,20,0,0,6
35,172.16.11.1,172.16.10.1,20,0,0,6
36,172.16.10.1,172.16.11.1,20,0,0,6
37,172.16.11.1,172.16.10.1,20,0,0,6
38,172.16.10.1,172.16.11.1,20,0,0,6
39,172.16.10.1,172.16.11.1,20,0,0,6
40,172.16.11.1,172.16.10.1,20,0,0,6
41,172.16.10.1,172.16.11.1,20,0,0,6
42,172.16.10.1,172.16.11.1,20,0,0,6
43,172.16.11.1,172.16.10.1,20,0,0,6
44,172.16.10.1,172.16.11.1,20,0,0,6
45,172.16.10.1,172.16.11.1,20,0,0,6
46,172.16.11.1,172.16.10.1,20,0,0,6
47,172.16.10.1,172.16.11.1,20,0,0,6
48,172.16.10.1,172.16.11.1,20,0,0,6
49,172.16.11.1,172.16.10.1,20,0,0,6
50,172.16.10.1,172.16.11.1,20,0,0,6
51,172.16.11.1,172.16.10.1,20,0,0,6
52,172.16.11.1,172.16.10.1,20,0,0,6
53,172.16.10.1,172.16.11.1,20,0,0,6
54,172.16.11.1,172.16.10.1,20,0,0,6
55,172.16.10.1,172.16.11.1,20,0,0,6
56,172.16.11.1,172.16.10.1,20,0,0,6
57,172.16.10.1,172.16.11.1,20,0,0,6
58,172.16.11.1,172.16.10.1,20,0,0,6
59,172.16.10.1,172.16.11.1,20,0,0,6
60,172.16.11.1,172.16.10.1,20,0,0,6
61,172.16.10.1,172.16.11.1,20,0,0,6
62,172.16.11.1,172.16.10.1,20,0,0,6
63,172.16.11.1,172.16.10.1,20,0,0,6
64,172.16.10.1,172.16.11.1,20,0,0,6
65,172.16.10.1,172.16.11.1,20,0,0,6
66,172.16.11.1,172.16.10.1,20,0,0,6
67,172.16.11.1,172.16.10.1,20,0,0,6
68,172.16.10.1,172.16.11.1,20,0,0,6
69,172.16.11.1,172.16.10.1,20,0,0,6
70,172.16.10.1,172.16.11.1,20,0,0,6
71,172.16.11.1,172.16.10.1,20,0,0,6
72,172.16.10.1,172.16.11.1,20,0,0,6
73,172.16.11.1,172.16.10.1,20,0,0,6
74,172.16.10.1,172.16.11.1,20,0,0,6
75,172.16.11.1,172.16.10.1,20,0,0,6
76,172.16.11.1,172.16.10.1,20,0,0,6
77,172.16.11.1,172.16.10.1,20,0,0,6
78,172.16.10.1,172.16.11.1,20,0,0,6
79,172.16.11.1,172.16.10.1,20,0,0,6
80,172.16.11.1,172.16.10.1,20,0,0,6
81,172.16.10.1,172.16.11.1,20,0,0,6
82,172.16.11.1,172.16.10.1,20,0,0,6
83,172.16.11.1,172.16.10.1,20,0,0,6
84,172.16.10.1,172.16.11.1,20,0,0,6
85,172.16.11.1,172.16.10.1,20,0,0,6
86,172.16.11.1,172.16.10.1,20,0,0,6
87,172.16.11.1,172.16.10.1,20,0,0,6
88,172.16.11.1,172.16.10.1,20,0,0,6
89,172.16.10.1,172.16.11.1,20,0,0,6
90,172.16.11.1,172.16.10.1,20,0,0,6
91,172.16.10.1,172.16.11.1,20,0,0,6
92,172.16.11.1,172.16.10.1,20,0,0,6
93,172.16.11.1,172.16.10.1,20,0,0,6
94,172.16.10.1,172.16.11.1,20,0,0,6
95,172.16.11.1,172.16.10.1,20,0,0,6
96,172.16.11.1,172.16.10.1,20,0,0,6
97,172.16.10.1,172.16.11.1,20,0,0,6
98,172.16.11.1,172.16.10.1,20,0,0,6
99,172.16.11.1,172.16.10.1,20,0,0,6
100,172.16.10.1,172.16.11.1,20,0,0,6
101,172.16.11.1,172.16.10.1,20,0,0,6
102,172.16.11.1,172.16.10.1,20,0,0,6
103,172.16.10.1,172.16.11.1,20,0,0,6
104,172.16.11.1,172.16.10.1,20,0,0,6
105,172.16.11.1,172.16.10.1,20,0,0,6
106,172.16.10.1,172.16.11.1,20,0,0,6
107,172.16.11.1,172.16.10.1,20,0,0,6
108,172.16.11.1,172.16.10.1,20,0,0,6
109,172.16.10.1,172.16.11.1,20,0,0,6
110,172.16.11.1,172.16.10.1,20,0,0,6
111,172.16.11.1,172.16.10.1,20,0,0,6
112,172.16.10.1,172.16.11.1,20,0,0,6
113,172.16.11.1,172.16.10.1,20,0,0,6
114,172.16.11.1,172.16.10.1,20,0,0,6
115,172.16.10.1,172.16.11.1,20,0,0,6
116,172.16.11.1,172.16.10.1,20,0,0,6
117,172.16.11.1,172.16.10.1,20,0,0,6
118,172.16.10.1,172.16.11.1,20,0,0,6
119,172.16.11.1,172.16.10.1,20,0,0,6
120,172.16.11.1,172.16.10.1,20,0,0,6
121,172.16.11.1,172.16.10.1,20,0,0,6
122,172.16.10.1,172.16.11.1,20,0,0,6
123,172.16.11.1,172.16.10.1,20,0,0,6
124,172.16.11.1,172.16.10.1,20,0,0,6
125,172.16.10.1,172.16.11.1,20,0,0,6
126,172.16.11.1,172.16.10.1,20,0,0,6
127,172.16.11.1,172.16.10.1,20,0,0,6
128,172.16.10.1,172.16.11.1,20,0,0,6
129,172.16.11.1,172.16.10.1,20,0,0,6
130,172.16.11.1,172.16.10.1,20,0,0,6
131,172.16.10.1,172.16.11.1,20,0,0,6
132,172.16.11.1,172.16.10.1,20,0,0,6
133,172.16.11.1,172.16.10.1,20,0,0,6
134,172.16.11.1,172.16.10.1,20,0,0,6
135,172.16.10.1,172.16.11.1,20,0,0,6
136,172.16.11.1,172.16.10.1,20,0,0,6
137,172.16.11.1,172.16.10.1,20,0,0,6
138,172.16.10.1,172.16.11.1,20,0,0,6
139,172.16.11.1,172.16.10.1,20,0,0,6
140,172.16.11.1,172.16.10.1,20,0,0,6
141,172.16.10.1,172.16.11.1,20,0,0,6
142,172.16.11.1,172.16.10.1,20,0,0,6
143,172.16.11.1,172.16.10.1,20,0,0,6
144,172.16.10.1,172.16.11.1,20,0,0,6
145,172.16.11.1,172.16.10.1,20,0,0,6
146,172.16.11.1,172.16.10.1,20,0,0,6
147,172.16.10.1,172.16.11.1,20,0,0,6
148,172.16.11.1,172.16.10.1,20,0,0,6
149,172.16.11.1,172.16.10.1,20,0,0,6
150,172.16.11.1,172.16.10.1,20,0,0,6
151,172.16.11.1,172.16.10.1,20,0,0,6
152,172.16.10.1,172.16.11.1,20,0,0,6
153,172.16.11.1,172.16.10.1,20,0,0,6
154,172.16.10.1,172.16.11.1,20,0,0,6
155,172.16.11.1,172.16.10.1,20,0,0,6
156,172.16.11.1,172.16.10.1,20,0,0,6
157,172.16.10.1,172.16.11.1,20,0,0,6
158,172.16.11.1,172.16.10.1,20,0,0,6
159,172.16.11.1,172.16.10.1,20,0,0,6
160,172.16.10.1,172.16.11.1,20,0,0,6
161,172.16.11.1,172.16.10.1,20,0,0,6
162,172.16.11.1,172.16.10.1,20,0,0,6
163,172.16.10.1,172.16.11.1,20,0,0,6
164,172.16.11.1,172.16.10.1,20,0,0,6
165,172.16.11.1,172.16.10.1,20,0,0,6
166,172.16.10.1,172.16.11.1,20,0,0,6
167,172.16.11.1,172.16.10.1,20,0,0,6
168,172.16.11.1,172.16.10.1,20,0,0,6
169,172.16.10.1,172.16.11.1,20,0,0,6
170,172.16.11.1,172.16.10.1,20,0,0,6
171,172.16.11.1,172.16.10.1,20,0,0,6
172,172.16.10.1,172.16.11.1,20,0,0,6
173,172.16.11.1,172.16.10.1,20,0,0,6
174,172.16.11.1,172.16.10.1,20,0,0,6
175,172.16.10.1,172.16.11.1,20,0,0,6
176,172.16.11.1,172.16.10.1,20,0,0,6
177,172.16.11.1,172.16.10.1,20,0,0,6
178,172.16.11.1,172.16.10.1,20,0,0,6
179,172.16.11.1,172.16.10.1,20,0,0,6
180,172.16.10.1,172.16.11.1,20,0,0,6
181,172.16.11.1,172.16.10.1,20,0,0,6
182,172.16.11.1,172.16.10.1,20,0,0,6
183,172.16.10.1,172.16.11.1,20,0,0,6
184,172.16.11.1,172.16.10.1,20,0,0,6
185,172.16.11.1,172.16.10.1,20,0,0,6
186,172.16.10.1,172.16.11.1,20,0,0,6
187,172.16.11.1,172.16.10.1,20,0,0,6
188,172.16.10.1,172.16.11.1,20,0,0,6
189,172.16.11.1,172.16.10.1,20,0,0,6
190,172.16.11.1,172.16.10.1,20,0,0,6
191,172.16.10.1,172.16.11.1,20,0,0,6
192,172.16.11.1,172.16.10.1,20,0,0,6
193,172.16.11.1,172.16.10.1,20,0,0,6
194,172.16.11.1,172.16.10.1,20,0,0,6
195,172.16.11.1,172.16.10.1,20,0,0,6
196,172.16.10.1,172.16.11.1,20,0,0,6
197,172.16.11.1,172.16.10.1,20,0,0,6
198,172.16.11.1,172.16.10.1,20,0,0,6
199,172.16.10.1,172.16.11.1,20,0,0,6
200,172.16.11.1,172.16.10.1,20,0,0,6
201,172.16.11.1,172.16.10.1,20,0,0,6
202,172.16.10.1,172.16.11.1,20,0,0,6
203,172.16.11.1,172.16.10.1,20,0,0,6
204,172.16.11.1,172.16.10.1,20,0,0,6
205,172.16.10.1,172.16.11.1,20,0,0,6
206,172.16.11.1,172.16.10.1,20,0,0,6
207,172.16.11.1,172.16.10.1,20,0,0,6
208,172.16.10.1,172.16.11.1,20,0,0,6
209,172.16.11.1,172.16.10.1,20,0,0,6
210,172.16.11.1,172.16.10.1,20,0,0,6
211,172.16.11.1,172.16.10.1,20,0,0,6
212,172.16.10.1,172.16.11.1,20,0,0,6
213,172.16.11.1,172.16.10.1,20,0,0,6
214,172.16.11.1,172.16.10.1,20,0,0,6
215,172.16.10.1,172.16.11.1,20,0,0,6
216,172.16.11.1,172.16.10.1,20,0,0,6
217,172.16.11.1,172.16.10.1,20,0,0,6
218,172.16.10.1,172.16.11.1,20,0,0,6
219,172.16.11.1,172.16.10.1,20,0,0,6
220,172.16.11.1,172.16.10.1,20,0,0,6
221,172.16.10.1,172.16.11.1,20,0,0,6
222,172.16.11.1,172.16.10.1,20,0,0,6
223,172.16.11.1,172.16.10.1,20,0,0,6
224,172.16.10.1,172.16.11.1,20,0,0,6
225,172.16.11.1,172.16.10.1,20,0,0,6
226,172.16.11.1,172.16.10.1,20,0,0,6
227,172.16.10.1,172.16.11.1,20,0,0,6
228,172.16.11.1,172.16.10.1,20,0,0,6
229,172.16.11.1,172.16.10.1,20,0,0,6
230,172.16.11.1,172.16.10.1,20,0,0,6
231,172.16.10.1,172.16.11.1,20,0,0,6
232,172.16.11.1,172.16.10.1,20,0,0,6
233,172.16.10.1,172.16.11.1,20,0,0,6
234,172.16.11.1,172.16.10.1,20,0,0,6
235,172.16.11.1,172.16.10.1,20,0,0,6
236,172.16.10.1,172.16.11.1,20,0,0,6
237,172.16.11.1,172.16.10.1,20,0,0,6
238,172.16.11.1,172.16.10.1,20,0,0,6
239,172.16.10.1,172.16.11.1,20,0,0,6
240,172.16.11.1,172.16.10.1,20,0,0,6
241,172.16.11.1,172.16.10.1,20,0,0,6
242,172.16.10.1,172.16.11.1,20,0,0,6
243,172.16.11.1,172.16.10.1,20,0,0,6
244,172.16.11.1,172.16.10.1,20,0,0,6
245,172.16.10.1,172.16.11.1,20,0,0,6
246,172.16.11.1,172.16.10.1,20,0,0,6
247,172.16.11.1,172.16.10.1,20,0,0,6
248,172.16.10.1,172.16.11.1,20,0,0,6
249,172.16.11.1,172.16.10.1,20,0,0,6
250,172.16.11.1,172.16.10.1,20,0,0,6
251,172.16.10.1,172.16.11.1,20,0,0,6
252,172.16.11.1,172.16.10.1,20,0,0,6
253,172.16.11.1,172.16.10.1,20,0,0,6
254,172.16.10.1,172.16.11.1,20,0,0,6
255,172.16.11.1,172.16.10.1,20,0,0,6
256,172.16.11.1,172.16.10.1,20,0,0,6
257,172.16.10.1,172.16.11.1,20,0,0,6
258,172.16.11.1,172.16.10.1,20,0,0,6
259,172.16.11.1,172.16.10.1,20,0,0,6
260,172.16.10.1,172.16.11.1,20,0,0,6
261,172.16.11.1,172.16.10.1,20,0,0,6
262,172.16.11.1,172.16.10.1,20,0,0,6
263,172.16.10.1,172.16.11.1,20,0,0,6
264,172.16.11.1,172.16.10.1,20,0,0,6
265,172.16.11.1,172.16.10.1,20,0,0,6
266,172.16.10.1,172.16.11.1,20,0,0,6
267,172.16.11.1,172.16.10.1,20,0,0,6
268,172.16.11.1,172.16.10.1,20,0,0,6
269,172.16.11.1,172.16.10.1,20,0,0,6
270,172.16.11.1,172.16.10.1,20,0,0,6
271,172.16.10.1,172.16.11.1,20,0,0,6
272,172.16.11.1,172.16.10.1,20,0,0,6
273,172.16.11.1,172.16.10.1,20,0,0,6
274,172.16.10.1,172.16.11.1,20,0,0,6
275,172.16.11.1,172.16.10.1,20,0,0,6
276,172.16.10.1,172.16.11.1,20,0,0,6
277,172.16.11.1,172.16.10.1,20,0,0,6
278,172.16.11.1,172.16.10.1,20,0,0,6
279,172.16.11.1,172.16.10.1,20,0,0,6
280,172.16.10.1,172.16.11.1,20,0,0,6
281,172.16.11.1,172.16.10.1,20,0,0,6
282,172.16.11.1,172.16.10.1,20,0,0,6
283,172.16.10.1,172.16.11.1,20,0,0,6
284,172.16.11.1,172.16.10.1,20,0,0,6
285,172.16.11.1,172.16.10.1,20,0,0,6
286,172.16.10.1,172.16.11.1,20,0,0,6
287,172.16.11.1,172.16.10.1,20,0,0,6
288,172.16.11.1,172.16.10.1,20,0,0,6
289,172.16.10.1,172.16.11.1,20,0,0,6
290,172.16.11.1,172.16.10.1,20,0,0,6
291,172.16.11.1,172.16.10.1,20,0,0,6
292,172.16.10.1,172.16.11.1,20,0,0,6
293,172.16.11.1,172.16.10.1,20,0,0,6
294,172.16.11.1,172.16.10.1,20,0,0,6
295,172.16.10.1,172.16.11.1,20,0,0,6
296,172.16.11.1,172.16.10.1,20,0,0,6
297,172.16.11.1,172.16.10.1,20,0,0,6
298,172.16.10.1,172.16.11.1,20,0,0,6
299,172.16.11.1,172.16.10.1,20,0,0,6
300,172.16.11.1,172.16.10.1,20,0,0,6
301,172.16.10.1,172.16.11.1,20,0,0,6
302,172.16.11.1,172.16.10.1,20,0,0,6
303,172.16.11.1,172.16.10.1,20,0,0,6
304,172.16.11.1,172.16.10.1,20,0,0,6
305,172.16.11.1,172.16.10.1,20,0,0,6
306,172.16.10.1,172.16.11.1,20,0,0,6
307,172.16.11.1,172.16.10.1,20,0,0,6
308,172.16.11.1,172.16.10.1,20,0,0,6
309,172.16.10.1,172.16.11.1,20,0,0,6
310,172.16.11.1,172.16.10.1,20,0,0,6
311,172.16.11.1,172.16.10.1,20,0,0,6
312,172.16.10.1,172.16.11.1,20,0,0,6
313,172.16.11.1,172.16.10.1,20,0,0,6
314,172.16.11.1,172.16.10.1,20,0,0,6
315,172.16.10.1,172.16.11.1,20,0,0,6
316,172.16.11.1,172.16.10.1,20,0,0,6
317,172.16.11.1,172.16.10.1,20,0,0,6
318,172.16.11.1,172.16.10.1,20,0,0,6
319,172.16.10.1,172.16.11.1,20,0,0,6
320,172.16.11.1,172.16.10.1,20,0,0,6
321,172.16.11.1,172.16.10.1,20,0,0,6
322,172.16.10.1,172.16.11.1,20,0,0,6
323,172.16.11.1,172.16.10.1,20,0,0,6
324,172.16.11.1,172.16.10.1,20,0,0,6
325,172.16.10.1,172.16.11.1,20,0,0,6
326,172.16.11.1,172.16.10.1,20,0,0,6
327,172.16.11.1,172.16.10.1,20,0,0,6
328,172.16.10.1,172.16.11.1,20,0,0,6
329,172.16.11.1,172.16.10.1,20,0,0,6
330,172.16.11.1,172.16.10.1,20,0,0,6
331,172.16.10.1,172.16.11.1,20,0,0,6
332,172.16.11.1,172.16.10.1,20,0,0,6
333,172.16.11.1,172.16.10.1,20,0,0,6
334,172.16.10.1,172.16.11.1,20,0,0,6
335,172.16.11.1,172.16.10.1,20,0,0,6
336,172.16.11.1,172.16.10.1,20,0,0,6
337,172.16.10.1,172.16.11.1,20,0,0,6
338,172.16.11.1,172.16.10.1,20,0,0,6
339,172.16.11.1,172.16.10.1,20,0,0,6
340,172.16.11.1,172.16.10.1,20,0,0,6
341,172.16.10.1,172.16.11.1,20,0,0,6
342,172.16.11.1,172.16.10.1,20,0,0,6
343,172.16.11.1,172.16.10.1,20,0,0,6
344,172.16.10.1,172.16.11.1,20,0,0,6
345,172.16.11.1,172.16.10.1,20,0,0,6
346,172.16.11.1,172.16.10.1,20,0,0,6
347,172.16.10.1,172.16.11.1,20,0,0,6
348,172.16.11.1,172.16.10.1,20,0,0,6
349,172.16.11.1,172.16.10.1,20,0,0,6
350,172.16.10.1,172.16.11.1,20,0,0,6
351,172.16.11.1,172.16.10.1,20,0,0,6
352,172.16.11.1,172.16.10.1,20,0,0,6
353,172.16.10.1,172.16.11.1,20,0,0,6
354,172.16.11.1,172.16.10.1,20,0,0,6
355,172.16.11.1,172.16.10.1,20,0,0,6
356,172.16.11.1,172.16.10.1,20,0,0,6
357,172.16.11.1,172.16.10.1,20,0,0,6
358,172.16.10.1,172.16.11.1,20,0,0,6
359,172.16.11.1,172.16.10.1,20,0,0,6
360,172.16.11.1,172.16.10.1,20,0,0,6
361,172.16.10.1,172.16.11.1,20,0,0,6
362,172.16.11.1,172.16.10.1,20,0,0,6
363,172.16.10.1,172.16.11.1,20,0,0,6
364,172.16.11.1,172.16.10.1,20,0,0,6
365,172.16.11.1,172.16.10.1,20,0,0,6
366,172.16.10.1,172.16.11.1,20,0,0,6
367,172.16.11.1,172.16.10.1,20,0,0,6
368,172.16.11.1,172.16.10.1,20,0,0,6
369,172.16.10.1,172.16.11.1,20,0,0,6
370,172.16.11.1,172.16.10.1,20,0,0,6
371,172.16.11.1,172.16.10.1,20,0,0,6
372,172.16.10.1,172.16.11.1,20,0,0,6
373,172.16.11.1,172.16.10.1,20,0,0,6
374,172.16.11.1,172.16.10.1,20,0,0,6
375,172.16.10.1,172.16.11.1,20,0,0,6
376,172.16.11.1,172.16.10.1,20,0,0,6
377,172.16.11.1,172.16.10.1,20,0,0,6
378,172.16.10.1,172.16.11.1,20,0,0,6
379,172.16.11.1,172.16.10.1,20,0,0,6
380,172.16.11.1,172.16.10.1,20,0,0,6
381,172.16.10.1,172.16.11.1,20,0,0,6
382,172.16.11.1,172.16.10.1,20,0,0,6
383,172.16.11.1,172.16.10.1,20,0,0,6
384,172.16.10.1,172.16.11.1,20,0,0,6
385,172.16.11.1,172.16.10.1,20,0,0,6
386,172.16.10.1,172.16.11.1,20,0,0,6
387,172.16.11.1,172.16.10.1,20,0,0,6
388,172.16.11.1,172.16.10.1,20,0,0,6
389,172.16.11.1,172.16.10.1,20,0,0,6
390,172.16.11.1,172.16.10.1,20,0,0,6
391,172.16.10.1,172.16.11.1,20,0,0,6
392,172.16.11.1,172.16.10.1,20,0,0,6
393,172.16.11.1,172.16.10.1,20,0,0,6
394,172.16.10.1,172.16.11.1,20,0,0,6
395,172.16.11.1,172.16.10.1,20,0,0,6
396,172.16.10.1,172.16.11.1,20,0,0,6
397,172.16.11.1,172.16.10.1,20,0,0,6
398,172.16.11.1,172.16.10.1,20,0,0,6
399,172.16.10.1,172.16.11.1,20,0,0,6
400,172.16.11.1,172.16.10.1,20,0,0,6
401,172.16.11.1,172.16.10.1,20,0,0,6
402,172.16.10.1,172.16.11.1,20,0,0,6
403,172.16.11.1,172.16.10.1,20,0,0,6
404,172.16.11.1,172.16.10.1,20,0,0,6
405,172.16.10.1,172.16.11.1,20,0,0,6
406,172.16.11.1,172.16.10.1,20,0,0,6
407,172.16.11.1,172.16.10.1,20,0,0,6
408,172.16.10.1,172.16.11.1,20,0,0,6
409,172.16.11.1,172.16.10.1,20,0,0,6
410,172.16.11.1,172.16.10.1,20,0,0,6
411,172.16.10.1,172.16.11.1,20,0,0,6
412,172.16.11.1,172.16.10.1,20,0,0,6
413,172.16.11.1,172.16.10.1,20,0,0,6
414,172.16.10.1,172.16.11.1,20,0,0,6
415,172.16.11.1,172.16.10.1,20,0,0,6
416,172.16.11.1,172.16.10.1,20,0,0,6
417,172.16.10.1,172.16.11.1,20,0,0,6
418,172.16.11.1,172.16.10.1,20,0,0,6
419,172.16.11.1,172.16.10.1,20,0,0,6
420,172.16.10.1,172.16.11.1,20,0,0,6
421,172.16.11.1,172.16.10.1,20,0,0,6
422,172.16.11.1,172.16.10.1,20,0,0,6
423,172.16.11.1,172.16.10.1,20,0,0,6
424,172.16.11.1,172.16.10.1,20,0,0,6
425,172.16.10.1,172.16.11.1,20,0,0,6
426,172.16.11.1,172.16.10.1,20,0,0,6
427,172.16.11.1,172.16.10.1,20,0,0,6
428,172.16.10.1,172.16.11.1,20,0,0,6
429,172.16.11.1,172.16.10.1,20,0,0,6
430,172.16.10.1,172.16.11.1,20,0,0,6
431,172.16.11.1,172.16.10.1,20,0,0,6
432,172.16.11.1,172.16.10.1,20,0,0,6
433,172.16.10.1,172.16.11.1,20,0,0,6
434,172.16.11.1,172.16.10.1,20,0,0,6
435,172.16.11.1,172.16.10.1,20,0,0,6
436,172.16.10.1,172.16.11.1,20,0,0,6
437,172.16.11.1,172.16.10.1,20,0,0,6
438,172.16.11.1,172.16.10.1,20,0,0,6
439,172.16.11.1,172.16.10.1,20,0,0,6
440,172.16.11.1,172.16.10.1,20,0,0,6
441,172.16.10.1,172.16.11.1,20,0,0,6
442,172.16.11.1,172.16.10.1,20,0,0,6
443,172.16.11.1,172.16.10.1,20,0,0,6
444,172.16.10.1,172.16.11.1,20,0,0,6
445,172.16.11.1,172.16.10.1,20,0,0,6
446,172.16.11.1,172.16.10.1,20,0,0,6
447,172.16.10.1,172.16.11.1,20,0,0,6
448,172.16.11.1,172.16.10.1,20,0,0,6
449,172.16.11.1,172.16.10.1,20,0,0,6
450,172.16.10.1,172.16.11.1,20,0,0,6
451,172.16.11.1,172.16.10.1,20,0,0,6
452,172.16.10.1,172.16.11.1,20,0,0,6
453,172.16.11.1,172.16.10.1,20,0,0,6
454,172.16.11.1,172.16.10.1,20,0,0,6
455,172.16.10.1,172.16.11.1,20,0,0,6
456,172.16.11.1,172.16.10.1,20,0,0,6
457,172.16.11.1,172.16.10.1,20,0,0,6
458,172.16.11.1,172.16.10.1,20,0,0,6
459,172.16.11.1,172.16.10.1,20,0,0,6
460,172.16.10.1,172.16.11.1,20,0,0,6
461,172.16.11.1,172.16.10.1,20,0,0,6
462,172.16.11.1,172.16.10.1,20,0,0,6
463,172.16.10.1,172.16.11.1,20,0,0,6
464,172.16.10.1,172.16.11.1,20,0,0,6
465,172.16.11.1,172.16.10.1,20,0,0,6
466,172.16.11.1,172.16.10.1,20,0,0,6
467,172.16.10.1,172.16.11.1,20,0,0,6
468,172.16.11.1,172.16.10.1,20,0,0,6
469,172.16.11.1,172.16.10.1,20,0,0,6
470,172.16.10.1,172.16.11.1,20,0,0,6
471,172.16.11.1,172.16.10.1,20,0,0,6
472,172.16.11.1,172.16.10.1,20,0,0,6
473,172.16.11.1,172.16.10.1,20,0,0,6
474,172.16.10.1,172.16.11.1,20,0,0,6
475,172.16.11.1,172.16.10.1,20,0,0,6
476,172.16.11.1,172.16.10.1,20,0,0,6
477,172.16.10.1,172.16.11.1,20,0,0,6
478,172.16.11.1,172.16.10.1,20,0,0,6
479,172.16.11.1,172.16.10.1,20,0,0,6
480,172.16.10.1,172.16.11.1,20,0,0,6
481,172.16.11.1,172.16.10.1,20,0,0,6
482,172.16.11.1,172.16.10.1,20,0,0,6
483,172.16.10.1,172.16.11.1,20,0,0,6
484,172.16.11.1,172.16.10.1,20,0,0,6
485,172.16.11.1,172.16.10.1,20,0,0,6
486,172.16.10.1,172.16.11.1,20,0,0,6
487,172.16.11.1,172.16.10.1,20,0,0,6
488,172.16.11.1,172.16.10.1,20,0,0,6
489,172.16.10.1,172.16.11.1,20,0,0,6
490,172.16.11.1,172.16.10.1,20,0,0,6
491,172.16.11.1,172.16.10.1,20,0,0,6
492,172.16.10.1,172.16.11.1,20,0,0,6
493,172.16.11.1,172.16.10.1,20,0,0,6
494,172.16.11.1,172.16.10.1,20,0,0,6
495,172.16.11.1,172.16.10.1,20,0,0,6
496,172.16.10.1,172.16.11.1,20,0,0,6
497,172.16.11.1,172.16.10.1,20,0,0,6
498,172.16.11.1,172.16.10.1,20,0,0,6
499,172.16.10.1,172.16.11.1,20,0,0,6
500,172.16.11.1,172.16.10.1,20,0,0,6
501,172.16.11.1,172.16.10.1,20,0,0,6
502,172.16.10.1,172.16.11.1,20,0,0,6
503,172.16.11.1,172.16.10.1,20,0,0,6
504,172.16.11.1,172.16.10.1,20,0,0,6
505,172.16.10.1,172.16.11.1,20,0,0,6
506,172.16.11.1,172.16.10.1,20,0,0,6
507,172.16.11.1,172.16.10.1,20,0,0,6
508,172.16.10.1,172.16.11.1,20,0,0,6
509,172.16.11.1,172.16.10.1,20,0,0,6
510,172.16.11.1,172.16.10.1,20,0,0,6
511,172.16.10.1,172.16.11.1,20,0,0,6
512,172.16.11.1,172.16.10.1,20,0,0,6
513,172.16.11.1,172.16.10.1,20,0,0,6
514,172.16.10.1,172.16.11.1,20,0,0,6
515,172.16.11.1,172.16.10.1,20,0,0,6
516,172.16.11.1,172.16.10.1,20,0,0,6
517,172.16.10.1,172.16.11.1,20,0,0,6
518,172.16.11.1,172.16.10.1,20,0,0,6
519,172.16.10.1,172.16.11.1,20,0,0,6
520,172.16.11.1,172.16.10.1,20,0,0,6
521,172.16.11.1,172.16.10.1,20,0,0,6
522,172.16.10.1,172.16.11.1,20,0,0,6
523,172.16.11.1,172.16.10.1,20,0,0,6
524,172.16.11.1,172.16.10.1,20,0,0,6
525,172.16.10.1,172.16.11.1,20,0,0,6
526,172.16.11.1,172.16.10.1,20,0,0,6
527,172.16.11.1,172.16.10.1,20,0,0,6
528,172.16.10.1,172.16.11.1,20,0,0,6
529,172.16.11.1,172.16.10.1,20,0,0,6
530,172.16.11.1,172.16.10.1,20,0,0,6
531,172.16.10.1,172.16.11.1,20,0,0,6
532,172.16.11.1,172.16.10.1,20,0,0,6
533,172.16.11.1,172.16.10.1,20,0,0,6
534,172.16.11.1,172.16.10.1,20,0,0,6
535,172.16.11.1,172.16.10.1,20,0,0,6
536,172.16.10.1,172.16.11.1,20,0,0,6
537,172.16.11.1,172.16.10.1,20,0,0,6
538,172.16.11.1,172.16.10.1,20,0,0,6
539,172.16.10.1,172.16.11.1,20,0,0,6
540,172.16.11.1,172.16.10.1,20,0,0,6
541,172.16.10.1,172.16.11.1,20,0,0,6
542,172.16.11.1,172.16.10.1,20,0,0,6
543,172.16.11.1,172.16.10.1,20,0,0,6
544,172.16.11.1,172.16.10.1,20,0,0,6
545,172.16.11.1,172.16.10.1,20,0,0,6
546,172.16.10.1,172.16.11.1,20,0,0,6
547,172.16.11.1,172.16.10.1,20,0,0,6
548,172.16.11.1,172.16.10.1,20,0,0,6
549,172.16.10.1,172.16.11.1,20,0,0,6
550,172.16.11.1,172.16.10.1,20,0,0,6
551,172.16.11.1,172.16.10.1,20,0,0,6
552,172.16.10.1,172.16.11.1,20,0,0,6
553,172.16.11.1,172.16.10.1,20,0,0,6
554,172.16.11.1,172.16.10.1,20,0,0,6
555,172.16.10.1,172.16.11.1,20,0,0,6
556,172.16.11.1,172.16.10.1,20,0,0,6
557,172.16.10.1,172.16.11.1,20,0,0,6
558,172.16.11.1,172.16.10.1,20,0,0,6
559,172.16.11.1,172.16.10.1,20,0,0,6
560,172.16.10.1,172.16.11.1,20,0,0,6
561,172.16.11.1,172.16.10.1,20,0,0,6
562,172.16.11.1,172.16.10.1,20,0,0,6
563,172.16.10.1,172.16.11.1,20,0,0,6
564,172.16.11.1,172.16.10.1,20,0,0,6
565,172.16.11.1,172.16.10.1,20,0,0,6
566,172.16.10.1,172.16.11.1,20,0,0,6
567,172.16.11.1,172.16.10.1,20,0,0,6
568,172.16.11.1,172.16.10.1,20,0,0,6
569,172.16.10.1,172.16.11.1,20,0,0,6
570,172.16.11.1,172.16.10.1,20,0,0,6
571,172.16.11.1,172.16.10.1,20,0,0,6
572,172.16.10.1,172.16.11.1,20,0,0,6
573,172.16.11.1,172.16.10.1,20,0,0,6
574,172.16.11.1,172.16.10.1,20,0,0,6
575,172.16.10.1,172.16.11.1,20,0,0,6
576,172.16.11.1,172.16.10.1,20,0,0,6
577,172.16.11.1,172.16.10.1,20,0,0,6
578,172.16.10.1,172.16.11.1,20,0,0,6
579,172.16.11.1,172.16.10.1,20,0,0,6
580,172.16.11.1,172.16.10.1,20,0,0,6
581,172.16.11.1,172.16.10.1,20,0,0,6
582,172.16.11.1,172.16.10.1,20,0,0,6
583,172.16.10.1,172.16.11.1,20,0,0,6
584,172.16.11.1,172.16.10.1,20,0,0,6
585,172.16.10.1,172.16.11.1,20,0,0,6
586,172.16.11.1,172.16.10.1,20,0,0,6
587,172.16.11.1,172.16.10.1,20,0,0,6
588,172.16.10.1,172.16.11.1,20,0,0,6
589,172.16.11.1,172.16.10.1,20,0,0,6
590,172.16.11.1,172.16.10.1,20,0,0,6
591,172.16.10.1,172.16.11.1,20,0,0,6
592,172.16.11.1,172.16.10.1,20,0,0,6
593,172.16.11.1,172.16.10.1,20,0,0,6
594,172.16.11.1,172.16.10.1,20,0,0,6
595,172.16.10.1,172.16.11.1,20,0,0,6
596,172.16.11.1,172.16.10.1,20,0,0,6
597,172.16.11.1,172.16.10.1,20,0,0,6
598,172.16.10.1,172.16.11.1,20,0,0,6
599,172.16.11.1,172.16.10.1,20,0,0,6
600,172.16.11.1,172.16.10.1,20,0,0,6
601,172.16.10.1,172.16.11.1,20,0,0,6
602,172.16.11.1,172.16.10.1,20,0,0,6
603,172.16.11.1,172.16.10.1,20,0,0,6
604,172.16.10.1,172.16.11.1,20,0,0,6
605,172.16.11.1,172.16.10.1,20,0,0,6
606,172.16.11.1,172.16.10.1,20,0,0,6
607,172.16.10.1,172.16.11.1,20,0,0,6
608,172.16.11.1,172.16.10.1,20,0,0,6
609,172.16.11.1,172.16.10.1,20,0,0,6
610,172.16.11.1,172.16.10.1,20,0,0,6
611,172.16.10.1,172.16.11.1,20,0,0,6
612,172.16.11.1,172.16.10.1,20,0,0,6
613,172.16.11.1,172.16.10.1,20,0,0,6
614,172.16.10.1,172.16.11.1,20,0,0,6
615,172.16.11.1,172.16.10.1,20,0,0,6
616,172.16.11.1,172.16.10.1,20,0,0,6
617,172.16.10.1,172.16.11.1,20,0,0,6
618,172.16.11.1,172.16.10.1,20,0,0,6
619,172.16.11.1,172.16.10.1,20,0,0,6
620,172.16.10.1,172.16.11.1,20,0,0,6
621,172.16.11.1,172.16.10.1,20,0,0,6
622,172.16.11.1,172.16.10.1,20,0,0,6
623,172.16.10.1,172.16.11.1,20,0,0,6
624,172.16.11.1,172.16.10.1,20,0,0,6
625,172.16.11.1,172.16.10.1,20,0,0,6
626,172.16.10.1,172.16.11.1,20,0,0,6
627,172.16.11.1,172.16.10.1,20,0,0,6
628,172.16.11.1,172.16.10.1,20,0,0,6
629,172.16.10.1,172.16.11.1,20,0,0,6
630,172.16.11.1,172.16.10.1,20,0,0,6
631,172.16.11.1,172.16.10.1,20,0,0,6
632,172.16.10.1,172.16.11.1,20,0,0,6
633,172.16.11.1,172.16.10.1,20,0,0,6
634,172.16.11.1,172.16.10.1,20,0,0,6
635,172.16.10.1,172.16.11.1,20,0,0,6
636,172.16.11.1,172.16.10.1,20,0,0,6
637,172.16.11.1,172.16.10.1,20,0,0,6
638,172.16.11.1,172.16.10.1,20,0,0,6
639,172.16.10.1,172.16.11.1,20,0,0,6
640,172.16.11.1,172.16.10.1,20,0,0,6
641,172.16.11.1,172.16.10.1,20,0,0,6
642,172.16.10.1,172.16.11.1,20,0,0,6
643,172.16.11.1,172.16.10.1,20,0,0,6
644,172.16.11.1,172.16.10.1,20,0,0,6
645,172.16.10.1,172.16.11.1,20,0,0,6
646,172.16.11.1,172.16.10.1,20,0,0,6
647,172.16.11.1,172.16.10.1,20,0,0,6
648,172.16.10.1,172.16.11.1,20,0,0,6
649,172.16.11.1,172.16.10.1,20,0,0,6
650,172.16.11.1,172.16.10.1,20,0,0,6
651,172.16.10.1,172.16.11.1,20,0,0,6
652,172.16.11.1,172.16.10.1,20,0,0,6
653,172.16.11.1,172.16.10.1,20,0,0,6
654,172.16.10.1,172.16.11.1,20,0,0,6
655,172.16.11.1,172.16.10.1,20,0,0,6
656,172.16.11.1,172.16.10.1,20,0,0,6
657,172.16.10.1,172.16.11.1,20,0,0,6
658,172.16.11.1,172.16.10.1,20,0,0,6
659,172.16.11.1,172.16.10.1,20,0,0,6
660,172.16.11.1,172.16.10.1,20,0,0,6
661,172.16.11.1,172.16.10.1,20,0,0,6
662,172.16.10.1,172.16.11.1,20,0,0,6
663,172.16.11.1,172.16.10.1,20,0,0,6
664,172.16.11.1,172.16.10.1,20,0,0,6
665,172.16.10.1,172.16.11.1,20,0,0,6
666,172.16.11.1,172.16.10.1,20,0,0,6
667,172.16.11.1,172.16.10.1,20,0,0,6
668,172.16.10.1,172.16.11.1,20,0,0,6
669,172.16.11.1,172.16.10.1,20,0,0,6
670,172.16.11.1,172.16.10.1,20,0,0,6
671,172.16.10.1,172.16.11.1,20,0,0,6
672,172.16.11.1,172.16.10.1,20,0,0,6
673,172.16.10.1,172.16.11.1,20,0,0,6
674,172.16.11.1,172.16.10.1,20,0,0,6
675,172.16.11.1,172.16.10.1,20,0,0,6
676,172.16.10.1,172.16.11.1,20,0,0,6
677,172.16.11.1,172.16.10.1,20,0,0,6
678,172.16.11.1,172.16.10.1,20,0,0,6
679,172.16.10.1,172.16.11.1,20,0,0,6
680,172.16.11.1,172.16.10.1,20,0,0,6
681,172.16.11.1,172.16.10.1,20,0,0,6
682,172.16.11.1,172.16.10.1,20,0,0,6
683,172.16.11.1,172.16.10.1,20,0,0,6
684,172.16.10.1,172.16.11.1,20,0,0,6
685,172.16.11.1,172.16.10.1,20,0,0,6
686,172.16.11.1,172.16.10.1,20,0,0,6
687,172.16.10.1,172.16.11.1,20,0,0,6
688,172.16.11.1,172.16.10.1,20,0,0,6
689,172.16.11.1,172.16.10.1,20,0,0,6
690,172.16.10.1,172.16.11.1,20,0,0,6
691,172.16.11.1,172.16.10.1,20,0,0,6
692,172.16.11.1,172.16.10.1,20,0,0,6
693,172.16.10.1,172.16.11.1,20,0,0,6
694,172.16.11.1,172.16.10.1,20,0,0,6
695,172.16.10.1,172.16.11.1,20,0,0,6
696,172.16.11.1,172.16.10.1,20,0,0,6
697,172.16.11.1,172.16.10.1,20,0,0,6
698,172.16.10.1,172.16.11.1,20,0,0,6
699,172.16.11.1,172.16.10.1,20,0,0,6
700,172.16.11.1,172.16.10.1,20,0,0,6
701,172.16.10.1,172.16.11.1,20,0,0,6
702,172.16.11.1,172.16.10.1,20,0,0,6
703,172.16.11.1,172.16.10.1,20,0,0,6
704,172.16.10.1,172.16.11.1,20,0,0,6
705,172.16.11.1,172.16.10.1,20,0,0,6
706,172.16.11.1,172.16.10.1,20,0,0,6
707,172.16.10.1,172.16.11.1,20,0,0,6
708,172.16.11.1,172.16.10.1,20,0,0,6
709,172.16.11.1,172.16.10.1,20,0,0,6
710,172.16.10.1,172.16.11.1,20,0,0,6
711,172.16.11.1,172.16.10.1,20,0,0,6
712,172.16.11.1,172.16.10.1,20,0,0,6
713,172.16.10.1,172.16.11.1,20,0,0,6
714,172.16.11.1,172.16.10.1,20,0,0,6
715,172.16.11.1,172.16.10.1,20,0,0,6
716,172.16.10.1,172.16.11.1,20,0,0,6
717,172.16.11.1,172.16.10.1,20,0,0,6
718,172.16.10.1,172.16.11.1,20,0,0,6
719,172.16.11.1,172.16.10.1,20,0,0,6
720,172.16.11.1,172.16.10.1,20,0,0,6
721,172.16.10.1,172.16.11.1,20,0,0,6
722,172.16.11.1,172.16.10.1,20,0,0,6
723,172.16.11.1,172.16.10.1,20,0,0,6
724,172.16.10.1,172.16.11.1,20,0,0,6
725,172.16.11.1,172.16.10.1,20,0,0,6
726,172.16.11.1,172.16.10.1,20,0,0,6
727,172.16.10.1,172.16.11.1,20,0,0,6
728,172.16.11.1,172.16.10.1,20,0,0,6
729,172.16.11.1,172.16.10.1,20,0,0,6
730,172.16.10.1,172.16.11.1,20,0,0,6
731,172.16.11.1,172.16.10.1,20,0,0,6
732,172.16.11.1,172.16.10.1,20,0,0,6
733,172.16.10.1,172.16.11.1,20,0,0,6
734,172.16.11.1,172.16.10.1,20,0,0,6
735,172.16.11.1,172.16.10.1,20,0,0,6
736,172.16.10.1,172.16.11.1,20,0,0,6
737,172.16.11.1,172.16.10.1,20,0,0,6
738,172.16.11.1,172.16.10.1,20,0,0,6
739,172.16.11.1,172.16.10.1,20,0,0,6
740,172.16.10.1,172.16.11.1,20,0,0,6
741,172.16.11.1,172.16.10.1,20,0,0,6
742,172.16.11.1,172.16.10.1,20,0,0,6
743,172.16.11.1,172.16.10.1,20,0,0,6
744,172.16.11.1,172.16.10.1,20,0,0,6
745,172.16.10.1,172.16.11.1,20,0,0,6
746,172.16.11.1,172.16.10.1,20,0,0,6
747,172.16.11.1,172.16.10.1,20,0,0,6
748,172.16.10.1,172.16.11.1,20,0,0,6
749,172.16.11.1,172.16.10.1,20,0,0,6
750,172.16.11.1,172.16.10.1,20,0,0,6
751,172.16.10.1,172.16.11.1,20,0,0,6
752,172.16.11.1,172.16.10.1,20,0,0,6
753,172.16.11.1,172.16.10.1,20,0,0,6
754,172.16.10.1,172.16.11.1,20,0,0,6
755,172.16.11.1,172.16.10.1,20,0,0,6
756,172.16.11.1,172.16.10.1,20,0,0,6
757,172.16.10.1,172.16.11.1,20,0,0,6
758,172.16.11.1,172.16.10.1,20,0,0,6
759,172.16.11.1,172.16.10.1,20,0,0,6
760,172.16.10.1,172.16.11.1,20,0,0,6
761,172.16.11.1,172.16.10.1,20,0,0,6
762,172.16.10.1,172.16.11.1,20,0,0,6
763,172.16.11.1,172.16.10.1,20,0,0,6
764,172.16.10.1,172.16.11.1,20,0,0,6
765,172.16.11.1,172.16.10.1,20,0,0,6
766,172.16.11.1,172.16.10.1,20,0,0,6
767,172.16.10.1,172.16.11.1,20,0,0,6
768,172.16.11.1,172.16.10.1,20,0,0,6
769,172.16.11.1,172.16.10.1,20,0,0,6
770,172.16.10.1,172.16.11.1,20,0,0,6
771,172.16.11.1,172.16.10.1,20,0,0,6
772,172.16.11.1,172.16.10.1,20,0,0,6
773,172.16.10.1,172.16.11.1,20,0,0,6
774,172.16.11.1,172.16.10.1,20,0,0,6
775,172.16.11.1,172.16.10.1,20,0,0,6
776,172.16.10.1,172.16.11.1,20,0,0,6
777,172.16.11.1,172.16.10.1,20,0,0,6
778,172.16.11.1,172.16.10.1,20,0,0,6
779,172.16.10.1,172.16.11.1,20,0,0,6
780,172.16.11.1,172.16.10.1,20,0,0,6
781,172.16.11.1,172.16.10.1,20,0,0,6
782,172.16.10.1,172.16.11.1,20,0,0,6
783,172.16.11.1,172.16.10.1,20,0,0,6
784,172.16.11.1,172.16.10.1,20,0,0,6
785,172.16.11.1,172.16.10.1,20,0,0,6
786,172.16.10.1,172.16.11.1,20,0,0,6
787,172.16.11.1,172.16.10.1,20,0,0,6
788,172.16.11.1,172.16.10.1,20,0,0,6
789,172.16.10.1,172.16.11.1,20,0,0,6
790,172.16.11.1,172.16.10.1,20,0,0,6
791,172.16.11.1,172.16.10.1,20,0,0,6
792,172.16.10.1,172.16.11.1,20,0,0,6
793,172.16.11.1,172.16.10.1,20,0,0,6
794,172.16.11.1,172.16.10.1,20,0,0,6
795,172.16.10.1,172.16.11.1,20,0,0,6
796,172.16.11.1,172.16.10.1,20,0,0,6
797,172.16.11.1,172.16.10.1,20,0,0,6
798,172.16.10.1,172.16.11.1,20,0,0,6
799,172.16.11.1,172.16.10.1,20,0,0,6
800,172.16.11.1,172.16.10.1,20,0,0,6
801,172.16.10.1,172.16.11.1,20,0,0,6
802,172.16.11.1,172.16.10.1,20,0,0,6
803,172.16.11.1,172.16.10.1,20,0,0,6
804,172.16.10.1,172.16.11.1,20,0,0,6
805,172.16.11.1,172.16.10.1,20,0,0,6
806,172.16.11.1,172.16.10.1,20,0,0,6
807,172.16.10.1,172.16.11.1,20,0,0,6
808,172.16.11.1,172.16.10.1,20,0,0,6
809,172.16.10.1,172.16.11.1,20,0,0,6
810,172.16.11.1,172.16.10.1,20,0,0,6
811,172.16.11.1,172.16.10.1,20,0,0,6
812,172.16.10.1,172.16.11.1,20,0,0,6
813,172.16.11.1,172.16.10.1,20,0,0,6
814,172.16.11.1,172.16.10.1,20,0,0,6
815,172.16.10.1,172.16.11.1,20,0,0,6
816,172.16.11.1,172.16.10.1,20,0,0,6
817,172.16.11.1,172.16.10.1,20,0,0,6
818,172.16.10.1,172.16.11.1,20,0,0,6
819,172.16.11.1,172.16.10.1,20,0,0,6
820,172.16.11.1,172.16.10.1,20,0,0,6
821,172.16.10.1,172.16.11.1,20,0,0,6
822,172.16.11.1,172.16.10.1,20,0,0,6
823,172.16.11.1,172.16.10.1,20,0,0,6
824,172.16.10.1,172.16.11.1,20,0,0,6
825,172.16.11.1,172.16.10.1,20,0,0,6
826,172.16.11.1,172.16.10.1,20,0,0,6
827,172.16.10.1,172.16.11.1,20,0,0,6
828,172.16.11.1,172.16.10.1,20,0,0,6
829,172.16.11.1,172.16.10.1,20,0,0,6
830,172.16.11.1,172.16.10.1,20,0,0,6
831,172.16.10.1,172.16.11.1,20,0,0,6
832,172.16.11.1,172.16.10.1,20,0,0,6
833,172.16.11.1,172.16.10.1,20,0,0,6
834,172.16.10.1,172.16.11.1,20,0,0,6
835,172.16.11.1,172.16.10.1,20,0,0,6
836,172.16.11.1,172.16.10.1,20,0,0,6
837,172.16.10.1,172.16.11.1,20,0,0,6
838,172.16.11.1,172.16.10.1,20,0,0,6
839,172.16.11.1,172.16.10.1,20,0,0,6
840,172.16.10.1,172.16.11.1,20,0,0,6
841,172.16.11.1,172.16.10.1,20,0,0,6
842,172.16.11.1,172.16.10.1,20,0,0,6
843,172.16.10.1,172.16.11.1,20,0,0,6
844,172.16.11.1,172.16.10.1,20,0,0,6
845,172.16.11.1,172.16.10.1,20,0,0,6
846,172.16.10.1,172.16.11.1,20,0,0,6
847,172.16.11.1,172.16.10.1,20,0,0,6
848,172.16.11.1,172.16.10.1,20,0,0,6
849,172.16.10.1,172.16.11.1,20,0,0,6
850,172.16.11.1,172.16.10.1,20,0,0,6
851,172.16.11.1,172.16.10.1,20,0,0,6
852,172.16.10.1,172.16.11.1,20,0,0,6
853,172.16.11.1,172.16.10.1,20,0,0,6
854,172.16.10.1,172.16.11.1,20,0,0,6
855,172.16.11.1,172.16.10.1,20,0,0,6
856,172.16.11.1,172.16.10.1,20,0,0,6
857,172.16.10.1,172.16.11.1,20,0,0,6
858,172.16.11.1,172.16.10.1,20,0,0,6
859,172.16.11.1,172.16.10.1,20,0,0,6
860,172.16.10.1,172.16.11.1,20,0,0,6
861,172.16.11.1,172.16.10.1,20,0,0,6
862,172.16.11.1,172.16.10.1,20,0,0,6
863,172.16.10.1,172.16.11.1,20,0,0,6
864,172.16.11.1,172.16.10.1,20,0,0,6
865,172.16.11.1,172.16.10.1,20,0,0,6
866,172.16.10.1,172.16.11.1,20,0,0,6
867,172.16.11.1,172.16.10.1,20,0,0,6
868,172.16.11.1,172.16.10.1,20,0,0,6
869,172.16.10.1,172.16.11.1,20,0,0,6
870,172.16.11.1,172.16.10.1,20,0,0,6
871,172.16.11.1,172.16.10.1,20,0,0,6
872,172.16.10.1,172.16.11.1,20,0,0,6
873,172.16.11.1,172.16.10.1,20,0,0,6
874,172.16.11.1,172.16.10.1,20,0,0,6
875,172.16.11.1,172.16.10.1,20,0,0,6
876,172.16.10.1,172.16.11.1,20,0,0,6
877,172.16.11.1,172.16.10.1,20,0,0,6
878,172.16.11.1,172.16.10.1,20,0,0,6
879,172.16.10.1,172.16.11.1,20,0,0,6
880,172.16.11.1,172.16.10.1,20,0,0,6
881,172.16.11.1,172.16.10.1,20,0,0,6
882,172.16.10.1,172.16.11.1,20,0,0,6
883,172.16.11.1,172.16.10.1,20,0,0,6
884,172.16.11.1,172.16.10.1,20,0,0,6
885,172.16.10.1,172.16.11.1,20,0,0,6
886,172.16.11.1,172.16.10.1,20,0,0,6
887,172.16.11.1,172.16.10.1,20,0,0,6
888,172.16.10.1,172.16.11.1,20,0,0,6
889,172.16.11.1,172.16.10.1,20,0,0,6
890,172.16.11.1,172.16.10.1,20,0,0,6
891,172.16.10.1,172.16.11.1,20,0,0,6
892,172.16.11.1,172.16.10.1,20,0,0,6
893,172.16.11.1,172.16.10.1,20,0,0,6
894,172.16.10.1,172.16.11.1,20,0,0,6
895,172.16.11.1,172.16.10.1,20,0,0,6
896,172.16.11.1,172.16.10.1,20,0,0,6
897,172.16.10.1,172.16.11.1,20,0,0,6
898,172.16.11.1,172.16.10.1,20,0,0,6
899,172.16.10.1,172.16.11.1,20,0,0,6
900,172.16.11.1,172.16.10.1,20,0,0,6
901,172.16.11.1,172.16.10.1,20,0,0,6
902,172.16.10.1,172.16.11.1,20,0,0,6
903,172.16.11.1,172.16.10.1,20,0,0,6
904,172.16.11.1,172.16.10.1,20,0,0,6
905,172.16.10.1,172.16.11.1,20,0,0,6
906,172.16.11.1,172.16.10.1,20,0,0,6
907,172.16.11.1,172.16.10.1,20,0,0,6
908,172.16.10.1,172.16.11.1,20,0,0,6
909,172.16.11.1,172.16.10.1,20,0,0,6
910,172.16.11.1,172.16.10.1,20,0,0,6
911,172.16.10.1,172.16.11.1,20,0,0,6
912,172.16.11.1,172.16.10.1,20,0,0,6
913,172.16.11.1,172.16.10.1,20,0,0,6
914,172.16.10.1,172.16.11.1,20,0,0,6
915,172.16.11.1,172.16.10.1,20,0,0,6
916,172.16.11.1,172.16.10.1,20,0,0,6
917,172.16.10.1,172.16.11.1,20,0,0,6
918,172.16.11.1,172.16.10.1,20,0,0,6
919,172.16.11.1,172.16.10.1,20,0,0,6
920,172.16.11.1,172.16.10.1,20,0,0,6
921,172.16.10.1,172.16.11.1,20,0,0,6
922,172.16.11.1,172.16.10.1,20,0,0,6
923,172.16.11.1,172.16.10.1,20,0,0,6
924,172.16.10.1,172.16.11.1,20,0,0,6
925,172.16.11.1,172.16.10.1,20,0,0,6
926,172.16.11.1,172.16.10.1,20,0,0,6
927,172.16.10.1,172.16.11.1,20,0,0,6
928,172.16.11.1,172.16.10.1,20,0,0,6
929,172.16.11.1,172.16.10.1,20,0,0,6
930,172.16.10.1,172.16.11.1,20,0,0,6
931,172.16.11.1,172.16.10.1,20,0,0,6
932,172.16.11.1,172.16.10.1,20,0,0,6
933,172.16.10.1,172.16.11.1,20,0,0,6
934,172.16.11.1,172.16.10.1,20,0,0,6
935,172.16.11.1,172.16.10.1,20,0,0,6
936,172.16.10.1,172.16.11.1,20,0,0,6
937,172.16.11.1,172.16.10.1,20,0,0,6
938,172.16.11.1,172.16.10.1,20,0,0,6
939,172.16.10.1,172.16.11.1,20,0,0,6
940,172.16.11.1,172.16.10.1,20,0,0,6
941,172.16.11.1,172.16.10.1,20,0,0,6
942,172.16.11.1,172.16.10.1,20,0,0,6
943,172.16.10.1,172.16.11.1,20,0,0,6
944,172.16.11.1,172.16.10.1,20,0,0,6
945,172.16.11.1,172.16.10.1,20,0,0,6
946,172.16.10.1,172.16.11.1,20,0,0,6
947,172.16.11.1,172.16.10.1,20,0,0,6
948,172.16.11.1,172.16.10.1,20,0,0,6
949,172.16.10.1,172.16.11.1,20,0,0,6
950,172.16.11.1,172.16.10.1,20,0,0,6
951,172.16.11.1,172.16.10.1,20,0,0,6
952,172.16.10.1,172.16.11.1,20,0,0,6
953,172.16.11.1,172.16.10.1,20,0,0,6
954,172.16.11.1,172.16.10.1,20,0,0,6
955,172.16.10.1,172.16.11.1,20,0,0,6
956,172.16.11.1,172.16.10.1,20,0,0,6
957,172.16.11.1,172.16.10.1,20,0,0,6
958,172.16.10.1,172.16.11.1,20,0,0,6
959,172.16.11.1,172.16.10.1,20,0,0,6
960,172.16.11.1,172.16.10.1,20,0,0,6
961,172.16.10.1,172.16.11.1,20,0,0,6
962,172.16.11.1,172.16.10.1,20,0,0,6
963,172.16.11.1,172.16.10.1,20,0,0,6
964,172.16.10.1,172.16.11.1,20,0,0,6
965,172.16.11.1,172.16.10.1,20,0,0,6
966,172.16.10.1,172.16.11.1,20,0,0,6
967,172.16.11.1,172.16.10.1,20,0,0,6
968,172.16.11.1,172.16.10.1,20,0,0,6
969,172.16.10.1,172.16.11.1,20,0,0,6
970,172.16.11.1,172.16.10.1,20,0,0,6
971,172.16.11.1,172.16.10.1,20,0,0,6
972,172.16.10.1,172.16.11.1,20,0,0,6
973,172.16.11.1,172.16.10.1,20,0,0,6
974,172.16.11.1,172.16.10.1,20,0,0,6
975,172.16.10.1,172.16.11.1,20,0,0,6
976,172.16.11.1,172.16.10.1,20,0,0,6
977,172.16.11.1,172.16.10.1,20,0,0,6
978,172.16.10.1,172.16.11.1,20,0,0,6
979,172.16.11.1,172.16.10.1,20,0,0,6
980,172.16.11.1,172.16.10.1,20,0,0,6
981,172.16.10.1,172.16.11.1,20,0,0,6
982,172.16.11.1,172.16.10.1,20,0,0,6
983,172.16.11.1,172.16.10.1,20,0,0,6
984,172.16.10.1,172.16.11.1,20,0,0,6
985,172.16.11.1,172.16.10.1,20,0,0,6
986,172.16.11.1,172.16.10.1,20,0,0,6
987,172.16.10.1,172.16.11.1,20,0,0,6
988,172.16.11.1,172.16.10.1,20,0,0,6
989,172.16.10.1,172.16.11.1,20,0,0,6
990,172.16.11.1,172.16.10.1,20,0,0,6
991,172.16.11.1,172.16.10.1,20,0,0,6
992,172.16.10.1,172.16.11.1,20,0,0,6
993,172.16.11.1,172.16.10.1,20,0,0,6
994,172.16.11.1,172.16.10.1,20,0,0,6
995,172.16.10.1,172.16.11.1,20,0,0,6
996,172.16.11.1,172.16.10.1,20,0,0,6
997,172.16.11.1,172.16.10.1,20,0,0,6
998,172.16.10.1,172.16.11.1,20,0,0,6
999,172.16.11.1,172.16.10.1,20,0,0,6
1000,172.16.11.1,172.16.10.1,20,0,0,6
1001,172.16.10.1,172.16.11.1,20,0,0,6
1002,172.16.11.1,172.16.10.1,20,0,0,6
1003,172.16.11.1,172.16.10.1,20,0,0,6
1004,172.16.10.1,172.16.11.1,20,0,0,6
1005,172.16.11.1,172.16.10.1,20,0,0,6
1006,172.16.11.1,172.16.10.1,20,0,0,6
1007,172.16.10.1,172.16.11.1,20,0,0,6
1008,172.16.11.1,172.16.10.1,20,0,0,6
1009,172.16.11.1,172.16.10.1,20,0,0,6
1010,172.16.11.1,172.16.10.1,20,0,0,6
1011,172.16.10.1,172.16.11.1,20,0,0,6
1012,172.16.11.1,172.16.10.1,20,0,0,6
1013,172.16.11.1,172.16.10.1,20,0,0,6
1014,172.16.10.1,172.16.11.1,20,0,0,6
1015,172.16.11.1,172.16.10.1,20,0,0,6
1016,172.16.11.1,172.16.10.1,20,0,0,6
1017,172.16.11.1,172.16.10.1,20,0,0,6
1018,172.16.11.1,172.16.10.1,20,0,0,6
1019,172.16.10.1,172.16.11.1,20,0,0,6
1020,172.16.11.1,172.16.10.1,20,0,0,6
1021,172.16.11.1,172.16.10.1,20,0,0,6
1022,172.16.10.1,172.16.11.1,20,0,0,6
1023,172.16.11.1,172.16.10.1,20,0,0,6
1024,172.16.11.1,172.16.10.1,20,0,0,6
1025,172.16.10.1,172.16.11.1,20,0,0,6
1026,172.16.11.1,172.16.10.1,20,0,0,6
1027,172.16.11.1,172.16.10.1,20,0,0,6
1028,172.16.10.1,172.16.11.1,20,0,0,6
1029,172.16.11.1,172.16.10.1,20,0,0,6
1030,172.16.11.1,172.16.10.1,20,0,0,6
1031,172.16.10.1,172.16.11.1,20,0,0,6
1032,172.16.11.1,172.16.10.1,20,0,0,6
1033,172.16.10.1,172.16.11.1,20,0,0,6
1034,172.16.11.1,172.16.10.1,20,0,0,6
1035,172.16.10.1,172.16.11.1,20,0,0,6
1036,172.16.11.1,172.16.10.1,20,0,0,6
1037,172.16.11.1,172.16.10.1,20,0,0,6
1038,172.16.10.1,172.16.11.1,20,0,0,6
1039,172.16.11.1,172.16.10.1,20,0,0,6
1040,172.16.11.1,172.16.10.1,20,0,0,6
1041,172.16.10.1,172.16.11.1,20,0,0,6
1042,172.16.11.1,172.16.10.1,20,0,0,6
1043,172.16.11.1,172.16.10.1,20,0,0,6
1044,172.16.10.1,172.16.11.1,20,0,0,6
1045,172.16.11.1,172.16.10.1,20,0,0,6
1046,172.16.11.1,172.16.10.1,20,0,0,6
1047,172.16.10.1,172.16.11.1,20,0,0,6
1048,172.16.11.1,172.16.10.1,20,0,0,6
1049,172.16.11.1,172.16.10.1,20,0,0,6
1050,172.16.11.1,172.16.10.1,20,0,0,6
1051,172.16.10.1,172.16.11.1,20,0,0,6
1052,172.16.11.1,172.16.10.1,20,0,0,6
1053,172.16.11.1,172.16.10.1,20,0,0,6
1054,172.16.10.1,172.16.11.1,20,0,0,6
1055,172.16.11.1,172.16.10.1,20,0,0,6
1056,172.16.11.1,172.16.10.1,20,0,0,6
1057,172.16.10.1,172.16.11.1,20,0,0,6
1058,172.16.11.1,172.16.10.1,20,0,0,6
1059,172.16.11.1,172.16.10.1,20,0,0,6
1060,172.16.10.1,172.16.11.1,20,0,0,6
1061,172.16.11.1,172.16.10.1,20,0,0,6
1062,172.16.11.1,172.16.10.1,20,0,0,6
1063,172.16.10.1,172.16.11.1,20,0,0,6
1064,172.16.10.1,172.16.11.1,20,0,0,6
1065,172.16.11.1,172.16.10.1,20,0,0,6
1066,172.16.11.1,172.16.10.1,20,0,0,6
1067,172.16.10.1,172.16.11.1,20,0,0,6
1068,172.16.11.1,172.16.10.1,20,0,0,6
1069,172.16.11.1,172.16.10.1,20,0,0,6
1070,172.16.10.1,172.16.11.1,20,0,0,6
1071,172.16.11.1,172.16.10.1,20,0,0,6
1072,172.16.11.1,172.16.10.1,20,0,0,6
1073,172.16.10.1,172.16.11.1,20,0,0,6
1074,172.16.11.1,172.16.10.1,20,0,0,6
1075,172.16.11.1,172.16.10.1,20,0,0,6
1076,172.16.10.1,172.16.11.1,20,0,0,6
1077,172.16.11.1,172.16.10.1,20,0,0,6
1078,172.16.11.1,172.16.10.1,20,0,0,6
1079,172.16.10.1,172.16.11.1,20,0,0,6
1080,172.16.11.1,172.16.10.1,20,0,0,6
1081,172.16.10.1,172.16.11.1,20,0,0,6
1082,172.16.11.1,172.16.10.1,20,0,0,6
1083,172.16.11.1,172.16.10.1,20,0,0,6
1084,172.16.10.1,172.16.11.1,20,0,0,6
1085,172.16.11.1,172.16.10.1,20,0,0,6
1086,172.16.11.1,172.16.10.1,20,0,0,6
1087,172.16.10.1,172.16.11.1,20,0,0,6
1088,172.16.11.1,172.16.10.1,20,0,0,6
1089,172.16.11.1,172.16.10.1,20,0,0,6
1090,172.16.10.1,172.16.11.1,20,0,0,6
1091,172.16.11.1,172.16.10.1,20,0,0,6
1092,172.16.11.1,172.16.10.1,20,0,0,6
1093,172.16.10.1,172.16.11.1,20,0,0,6
1094,172.16.11.1,172.16.10.1,20,0,0,6
1095,172.16.11.1,172.16.10.1,20,0,0,6
1096,172.16.11.1,172.16.10.1,20,0,0,6
1097,172.16.11.1,172.16.10.1,20,0,0,6
1098,172.16.10.1,172.16.11.1,20,0,0,6
1099,172.16.10.1,172.16.11.1,20,0,0,6
1100,172.16.11.1,172.16.10.1,20,0,0,6
1101,172.16.11.1,172.16.10.1,20,0,0,6
1102,172.16.10.1,172.16.11.1,20,0,0,6
1103,172.16.11.1,172.16.10.1,20,0,0,6
1104,172.16.11.1,172.16.10.1,20,0,0,6
1105,172.16.10.1,172.16.11.1,20,0,0,6
1106,172.16.11.1,172.16.10.1,20,0,0,6
1107,172.16.11.1,172.16.10.1,20,0,0,6
1108,172.16.10.1,172.16.11.1,20,0,0,6
1109,172.16.11.1,172.16.10.1,20,0,0,6
1110,172.16.11.1,172.16.10.1,20,0,0,6
1111,172.16.10.1,172.16.11.1,20,0,0,6
1112,172.16.11.1,172.16.10.1,20,0,0,6
1113,172.16.11.1,172.16.10.1,20,0,0,6
1114,172.16.10.1,172.16.11.1,20,0,0,6
1115,172.16.11.1,172.16.10.1,20,0,0,6
1116,172.16.11.1,172.16.10.1,20,0,0,6
1117,172.16.11.1,172.16.10.1,20,0,0,6
1118,172.16.10.1,172.16.11.1,20,0,0,6
1119,172.16.11.1,172.16.10.1,20,0,0,6
1120,172.16.11.1,172.16.10.1,20,0,0,6
1121,172.16.10.1,172.16.11.1,20,0,0,6
1122,172.16.11.1,172.16.10.1,20,0,0,6
1123,172.16.11.1,172.16.10.1,20,0,0,6
1124,172.16.10.1,172.16.11.1,20,0,0,6
1125,172.16.11.1,172.16.10.1,20,0,0,6
1126,172.16.11.1,172.16.10.1,20,0,0,6
1127,172.16.10.1,172.16.11.1,20,0,0,6
1128,172.16.11.1,172.16.10.1,20,0,0,6
1129,172.16.11.1,172.16.10.1,20,0,0,6
1130,172.16.10.1,172.16.11.1,20,0,0,6
1131,172.16.11.1,172.16.10.1,20,0,0,6
1132,172.16.11.1,172.16.10.1,20,0,0,6
1133,172.16.10.1,172.16.11.1,20,0,0,6
1134,172.16.11.1,172.16.10.1,20,0,0,6
1135,172.16.11.1,172.16.10.1,20,0,0,6
1136,172.16.10.1,172.16.11.1,20,0,0,6
1137,172.16.11.1,172.16.10.1,20,0,0,6
1138,172.16.11.1,172.16.10.1,20,0,0,6
1139,172.16.10.1,172.16.11.1,20,0,0,6
1140,172.16.11.1,172.16.10.1,20,0,0,6
1141,172.16.11.1,172.16.10.1,20,0,0,6
1142,172.16.10.1,172.16.11.1,20,0,0,6
1143,172.16.11.1,172.16.10.1,20,0,0,6
1144,172.16.11.1,172.16.10.1,20,0,0,6
1145,172.16.10.1,172.16.11.1,20,0,0,6
1146,172.16.11.1,172.16.10.1,20,0,0,6
1147,172.16.11.1,172.16.10.1,20,0,0,6
1148,172.16.10.1,172.16.11.1,20,0,0,6
1149,172.16.11.1,172.16.10.1,20,0,0,6
1150,172.16.10.1,172.16.11.1,20,0,0,6
1151,172.16.11.1,172.16.10.1,20,0,0,6
1152,172.16.11.1,172.16.10.1,20,0,0,6
1153,172.16.10.1,172.16.11.1,20,0,0,6
1154,172.16.11.1,172.16.10.1,20,0,0,6
1155,172.16.11.1,172.16.10.1,20,0,0,6
1156,172.16.10.1,172.16.11.1,20,0,0,6
1157,172.16.11.1,172.16.10.1,20,0,0,6
1158,172.16.11.1,172.16.10.1,20,0,0,6
1159,172.16.10.1,172.16.11.1,20,0,0,6
1160,172.16.11.1,172.16.10.1,20,0,0,6
1161,172.16.11.1,172.16.10.1,20,0,0,6
1162,172.16.10.1,172.16.11.1,20,0,0,6
1163,172.16.11.1,172.16.10.1,20,0,0,6
1164,172.16.11.1,172.16.10.1,20,0,0,6
1165,172.16.11.1,172.16.10.1,20,0,0,6
1166,172.16.11.1,172.16.10.1,20,0,0,6
1167,172.16.10.1,172.16.11.1,20,0,0,6
1168,172.16.11.1,172.16.10.1,20,0,0,6
1169,172.16.11.1,172.16.10.1,20,0,0,6
1170,172.16.10.1,172.16.11.1,20,0,0,6
1171,172.16.11.1,172.16.10.1,20,0,0,6
1172,172.16.10.1,172.16.11.1,20,0,0,6
1173,172.16.11.1,172.16.10.1,20,0,0,6
1174,172.16.11.1,172.16.10.1,20,0,0,6
1175,172.16.10.1,172.16.11.1,20,0,0,6
1176,172.16.11.1,172.16.10.1,20,0,0,6
1177,172.16.11.1,172.16.10.1,20,0,0,6
1178,172.16.10.1,172.16.11.1,20,0,0,6
1179,172.16.11.1,172.16.10.1,20,0,0,6
1180,172.16.11.1,172.16.10.1,20,0,0,6
1181,172.16.10.1,172.16.11.1,20,0,0,6
1182,172.16.11.1,172.16.10.1,20,0,0,6
1183,172.16.11.1,172.16.10.1,20,0,0,6
1184,172.16.10.1,172.16.11.1,20,0,0,6
1185,172.16.11.1,172.16.10.1,20,0,0,6
1186,172.16.11.1,172.16.10.1,20,0,0,6
1187,172.16.10.1,172.16.11.1,20,0,0,6
1188,172.16.11.1,172.16.10.1,20,0,0,6
1189,172.16.11.1,172.16.10.1,20,0,0,6
1190,172.16.10.1,172.16.11.1,20,0,0,6
1191,172.16.11.1,172.16.10.1,20,0,0,6
1192,172.16.11.1,172.16.10.1,20,0,0,6
1193,172.16.10.1,172.16.11.1,20,0,0,6
1194,172.16.11.1,172.16.10.1,20,0,0,6
1195,172.16.10.1,172.16.11.1,20,0,0,6
1196,172.16.11.1,172.16.10.1,20,0,0,6
1197,172.16.11.1,172.16.10.1,20,0,0,6
1198,172.16.11.1,172.16.10.1,20,0,0,6
1199,172.16.11.1,172.16.10.1,20,0,0,6
1200,172.16.10.1,172.16.11.1,20,0,0,6
1201,172.16.11.1,172.16.10.1,20,0,0,6
1202,172.16.11.1,172.16.10.1,20,0,0,6
1203,172.16.10.1,172.16.11.1,20,0,0,6
1204,172.16.11.1,172.16.10.1,20,0,0,6
1205,172.16.11.1,172.16.10.1,20,0,0,6
1206,172.16.10.1,172.16.11.1,20,0,0,6
1207,172.16.11.1,172.16.10.1,20,0,0,6
1208,172.16.11.1,172.16.10.1,20,0,0,6
1209,172.16.10.1,172.16.11.1,20,0,0,6
1210,172.16.11.1,172.16.10.1,20,0,0,6
1211,172.16.11.1,172.16.10.1,20,0,0,6
1212,172.16.10.1,172.16.11.1,20,0,0,6
1213,172.16.11.1,172.16.10.1,20,0,0,6
1214,172.16.11.1,172.16.10.1,20,0,0,6
1215,172.16.10.1,172.16.11.1,20,0,0,6
1216,172.16.11.1,172.16.10.1,20,0,0,6
1217,172.16.10.1,172.16.11.1,20,0,0,6
1218,172.16.11.1,172.16.10.1,20,0,0,6
1219,172.16.10.1,172.16.11.1,20,0,0,6
1220,172.16.11.1,172.16.10.1,20,0,0,6
1221,172.16.11.1,172.16.10.1,20,0,0,6
1222,172.16.10.1,172.16.11.1,20,0,0,6
1223,172.16.11.1,172.16.10.1,20,0,0,6
1224,172.16.11.1,172.16.10.1,20,0,0,6
1225,172.16.10.1,172.16.11.1,20,0,0,6
1226,172.16.11.1,172.16.10.1,20,0,0,6
1227,172.16.11.1,172.16.10.1,20,0,0,6
1228,172.16.10.1,172.16.11.1,20,0,0,6
1229,172.16.11.1,172.16.10.1,20,0,0,6
1230,172.16.11.1,172.16.10.1,20,0,0,6
1231,172.16.10.1,172.16.11.1,20,0,0,6
1232,172.16.11.1,172.16.10.1,20,0,0,6
1233,172.16.11.1,172.16.10.1,20,0,0,6
1234,172.16.10.1,172.16.11.1,20,0,0,6
1235,172.16.11.1,172.16.10.1,20,0,0,6
1236,172.16.11.1,172.16.10.1,20,0,0,6
1237,172.16.10.1,172.16.11.1,20,0,0,6
1238,172.16.11.1,172.16.10.1,20,0,0,6
1239,172.16.11.1,172.16.10.1,20,0,0,6
1240,172.16.11.1,172.16.10.1,20,0,0,6
1241,172.16.10.1,172.16.11.1,20,0,0,6
1242,172.16.11.1,172.16.10.1,20,0,0,6
1243,172.16.11.1,172.16.10.1,20,0,0,6
1244,172.16.10.1,172.16.11.1,20,0,0,6
1245,172.16.11.1,172.16.10.1,20,0,0,6
1246,172.16.11.1,172.16.10.1,20,0,0,6
1247,172.16.10.1,172.16.11.1,20,0,0,6
1248,172.16.11.1,172.16.10.1,20,0,0,6
1249,172.16.11.1,172.16.10.1,20,0,0,6
1250,172.16.10.1,172.16.11.1,20,0,0,6
1251,172.16.11.1,172.16.10.1,20,0,0,6
1252,172.16.11.1,172.16.10.1,20,0,0,6
1253,172.16.10.1,172.16.11.1,20,0,0,6
1254,172.16.11.1,172.16.10.1,20,0,0,6
1255,172.16.11.1,172.16.10.1,20,0,0,6
1256,172.16.10.1,172.16.11.1,20,0,0,6
1257,172.16.11.1,172.16.10.1,20,0,0,6
1258,172.16.11.1,172.16.10.1,20,0,0,6
1259,172.16.10.1,172.16.11.1,20,0,0,6
1260,172.16.11.1,172.16.10.1,20,0,0,6
1261,172.16.11.1,172.16.10.1,20,0,0,6
1262,172.16.10.1,172.16.11.1,20,0,0,6
1263,172.16.11.1,172.16.10.1,20,0,0,6
1264,172.16.10.1,172.16.11.1,20,0,0,6
1265,172.16.11.1,172.16.10.1,20,0,0,6
1266,172.16.11.1,172.16.10.1,20,0,0,6
1267,172.16.10.1,172.16.11.1,20,0,0,6
1268,172.16.11.1,172.16.10.1,20,0,0,6
1269,172.16.11.1,172.16.10.1,20,0,0,6
1270,172.16.10.1,172.16.11.1,20,0,0,6
1271,172.16.11.1,172.16.10.1,20,0,0,6
1272,172.16.11.1,172.16.10.1,20,0,0,6
1273,172.16.10.1,172.16.11.1,20,0,0,6
1274,172.16.11.1,172.16.10.1,20,0,0,6
1275,172.16.11.1,172.16.10.1,20,0,0,6
1276,172.16.10.1,172.16.11.1,20,0,0,6
1277,172.16.11.1,172.16.10.1,20,0,0,6
1278,172.16.11.1,172.16.10.1,20,0,0,6
1279,172.16.10.1,172.16.11.1,20,0,0,6
1280,172.16.11.1,172.16.10.1,20,0,0,6
1281,172.16.11.1,172.16.10.1,20,0,0,6
1282,172.16.10.1,172.16.11.1,20,0,0,6
1283,172.16.11.1,172.16.10.1,20,0,0,6
1284,172.16.11.1,172.16.10.1,20,0,0,6
1285,172.16.11.1,172.16.10.1,20,0,0,6
1286,172.16.10.1,172.16.11.1,20,0,0,6
1287,172.16.11.1,172.16.10.1,20,0,0,6
1288,172.16.11.1,172.16.10.1,20,0,0,6
1289,172.16.10.1,172.16.11.1,20,0,0,6
1290,172.16.11.1,172.16.10.1,20,0,0,6
1291,172.16.11.1,172.16.10.1,20,0,0,6
1292,172.16.10.1,172.16.11.1,20,0,0,6
1293,172.16.11.1,172.16.10.1,20,0,0,6
1294,172.16.11.1,172.16.10.1,20,0,0,6
1295,172.16.10.1,172.16.11.1,20,0,0,6
1296,172.16.11.1,172.16.10.1,20,0,0,6
1297,172.16.11.1,172.16.10.1,20,0,0,6
1298,172.16.10.1,172.16.11.1,20,0,0,6
1299,172.16.11.1,172.16.10.1,20,0,0,6
1300,172.16.11.1,172.16.10.1,20,0,0,6
1301,172.16.10.1,172.16.11.1,20,0,0,6
1302,172.16.11.1,172.16.10.1,20,0,0,6
1303,172.16.11.1,172.16.10.1,20,0,0,6
1304,172.16.10.1,172.16.11.1,20,0,0,6
1305,172.16.11.1,172.16.10.1,20,0,0,6
1306,172.16.11.1,172.16.10.1,20,0,0,6
1307,172.16.10.1,172.16.11.1,20,0,0,6
1308,172.16.11.1,172.16.10.1,20,0,0,6
1309,172.16.10.1,172.16.11.1,20,0,0,6
1310,172.16.11.1,172.16.10.1,20,0,0,6
1311,172.16.11.1,172.16.10.1,20,0,0,6
1312,172.16.10.1,172.16.11.1,20,0,0,6
1313,172.16.11.1,172.16.10.1,20,0,0,6
1314,172.16.11.1,172.16.10.1,20,0,0,6
1315,172.16.10.1,172.16.11.1,20,0,0,6
1316,172.16.11.1,172.16.10.1,20,0,0,6
1317,172.16.11.1,172.16.10.1,20,0,0,6
1318,172.16.10.1,172.16.11.1,20,0,0,6
1319,172.16.11.1,172.16.10.1,20,0,0,6
1320,172.16.11.1,172.16.10.1,20,0,0,6
1321,172.16.10.1,172.16.11.1,20,0,0,6
1322,172.16.11.1,172.16.10.1,20,0,0,6
1323,172.16.11.1,172.16.10.1,20,0,0,6
1324,172.16.10.1,172.16.11.1,20,0,0,6
1325,172.16.11.1,172.16.10.1,20,0,0,6
1326,172.16.11.1,172.16.10.1,20,0,0,6
1327,172.16.10.1,172.16.11.1,20,0,0,6
1328,172.16.11.1,172.16.10.1,20,0,0,6
1329,172.16.11.1,172.16.10.1,20,0,0,6
1330,172.16.11.1,172.16.10.1,20,0,0,6
1331,172.16.10.1,172.16.11.1,20,0,0,6
1332,172.16.11.1,172.16.10.1,20,0,0,6
1333,172.16.11.1,172.16.10.1,20,0,0,6
1334,172.16.10.1,172.16.11.1,20,0,0,6
1335,172.16.11.1,172.16.10.1,20,0,0,6
1336,172.16.11.1,172.16.10.1,20,0,0,6
1337,172.16.10.1,172.16.11.1,20,0,0,6
1338,172.16.11.1,172.16.10.1,20,0,0,6
1339,172.16.11.1,172.16.10.1,20,0,0,6
1340,172.16.10.1,172.16.11.1,20,0,0,6
1341,172.16.11.1,172.16.10.1,20,0,0,6
1342,172.16.11.1,172.16.10.1,20,0,0,6
1343,172.16.10.1,172.16.11.1,20,0,0,6
1344,172.16.11.1,172.16.10.1,20,0,0,6
1345,172.16.11.1,172.16.10.1,20,0,0,6
1346,172.16.11.1,172.16.10.1,20,0,0,6
1347,172.16.11.1,172.16.10.1,20,0,0,6
1348,172.16.10.1,172.16.11.1,20,0,0,6
1349,172.16.11.1,172.16.10.1,20,0,0,6
1350,172.16.11.1,172.16.10.1,20,0,0,6
1351,172.16.10.1,172.16.11.1,20,0,0,6
1352,172.16.11.1,172.16.10.1,20,0,0,6
1353,172.16.11.1,172.16.10.1,20,0,0,6
1354,172.16.10.1,172.16.11.1,20,0,0,6
1355,172.16.11.1,172.16.10.1,20,0,0,6
1356,172.16.11.1,172.16.10.1,20,0,0,6
1357,172.16.10.1,172.16.11.1,20,0,0,6
1358,172.16.11.1,172.16.10.1,20,0,0,6
1359,172.16.11.1,172.16.10.1,20,0,0,6
1360,172.16.10.1,172.16.11.1,20,0,0,6
1361,172.16.11.1,172.16.10.1,20,0,0,6
1362,172.16.11.1,172.16.10.1,20,0,0,6
1363,172.16.10.1,172.16.11.1,20,0,0,6
1364,172.16.11.1,172.16.10.1,20,0,0,6
1365,172.16.11.1,172.16.10.1,20,0,0,6
1366,172.16.10.1,172.16.11.1,20,0,0,6
1367,172.16.11.1,172.16.10.1,20,0,0,6
1368,172.16.11.1,172.16.10.1,20,0,0,6
1369,172.16.10.1,172.16.11.1,20,0,0,6
1370,172.16.11.1,172.16.10.1,20,0,0,6
1371,172.16.11.1,172.16.10.1,20,0,0,6
1372,172.16.10.1,172.16.11.1,20,0,0,6
1373,172.16.11.1,172.16.10.1,20,0,0,6
1374,172.16.11.1,172.16.10.1,20,0,0,6
1375,172.16.10.1,172.16.11.1,20,0,0,6
1376,172.16.11.1,172.16.10.1,20,0,0,6
1377,172.16.10.1,172.16.11.1,20,0,0,6
1378,172.16.11.1,172.16.10.1,20,0,0,6
1379,172.16.11.1,172.16.10.1,20,0,0,6
1380,172.16.10.1,172.16.11.1,20,0,0,6
1381,172.16.11.1,172.16.10.1,20,0,0,6
1382,172.16.11.1,172.16.10.1,20,0,0,6
1383,172.16.10.1,172.16.11.1,20,0,0,6
1384,172.16.11.1,172.16.10.1,20,0,0,6
1385,172.16.11.1,172.16.10.1,20,0,0,6
1386,172.16.10.1,172.16.11.1,20,0,0,6
1387,172.16.11.1,172.16.10.1,20,0,0,6
1388,172.16.11.1,172.16.10.1,20,0,0,6
1389,172.16.10.1,172.16.11.1,20,0,0,6
1390,172.16.11.1,172.16.10.1,20,0,0,6
1391,172.16.11.1,172.16.10.1,20,0,0,6
1392,172.16.10.1,172.16.11.1,20,0,0,6
1393,172.16.11.1,172.16.10.1,20,0,0,6
1394,172.16.11.1,172.16.10.1,20,0,0,6
1395,172.16.10.1,172.16.11.1,20,0,0,6
1396,172.16.11.1,172.16.10.1,20,0,0,6
1397,172.16.11.1,172.16.10.1,20,0,0,6
1398,172.16.10.1,172.16.11.1,20,0,0,6
1399,172.16.11.1,172.16.10.1,20,0,0,6
1400,172.16.10.1,172.16.11.1,20,0,0,6
1401,172.16.11.1,172.16.10.1,20,0,0,6
1402,172.16.11.1,172.16.10.1,20,0,0,6
1403,172.16.10.1,172.16.11.1,20,0,0,6
1404,172.16.11.1,172.16.10.1,20,0,0,6
1405,172.16.11.1,172.16.10.1,20,0,0,6
1406,172.16.10.1,172.16.11.1,20,0,0,6
1407,172.16.11.1,172.16.10.1,20,0,0,6
1408,172.16.11.1,172.16.10.1,20,0,0,6
1409,172.16.10.1,172.16.11.1,20,0,0,6
1410,172.16.11.1,172.16.10.1,20,0,0,6
1411,172.16.11.1,172.16.10.1,20,0,0,6
1412,172.16.10.1,172.16.11.1,20,0,0,6
1413,172.16.11.1,172.16.10.1,20,0,0,6
1414,172.16.11.1,172.16.10.1,20,0,0,6
1415,172.16.10.1,172.16.11.1,20,0,0,6
1416,172.16.11.1,172.16.10.1,20,0,0,6
1417,172.16.11.1,172.16.10.1,20,0,0,6
1418,172.16.10.1,172.16.11.1,20,0,0,6
1419,172.16.11.1,172.16.10.1,20,0,0,6
1420,172.16.11.1,172.16.10.1,20,0,0,6
1421,172.16.11.1,172.16.10.1,20,0,0,6
1422,172.16.10.1,172.16.11.1,20,0,0,6
1423,172.16.11.1,172.16.10.1,20,0,0,6
1424,172.16.11.1,172.16.10.1,20,0,0,6
1425,172.16.10.1,172.16.11.1,20,0,0,6
1426,172.16.11.1,172.16.10.1,20,0,0,6
1427,172.16.11.1,172.16.10.1,20,0,0,6
1428,172.16.10.1,172.16.11.1,20,0,0,6
1429,172.16.11.1,172.16.10.1,20,0,0,6
1430,172.16.11.1,172.16.10.1,20,0,0,6
1431,172.16.10.1,172.16.11.1,20,0,0,6
1432,172.16.11.1,172.16.10.1,20,0,0,6
1433,172.16.11.1,172.16.10.1,20,0,0,6
1434,172.16.10.1,172.16.11.1,20,0,0,6
1435,172.16.11.1,172.16.10.1,20,0,0,6
1436,172.16.11.1,172.16.10.1,20,0,0,6
1437,172.16.10.1,172.16.11.1,20,0,0,6
1438,172.16.11.1,172.16.10.1,20,0,0,6
1439,172.16.11.1,172.16.10.1,20,0,0,6
1440,172.16.10.1,172.16.11.1,20,0,0,6
1441,172.16.11.1,172.16.10.1,20,0,0,6
1442,172.16.11.1,172.16.10.1,20,0,0,6
1443,172.16.10.1,172.16.11.1,20,0,0,6
1444,172.16.11.1,172.16.10.1,20,0,0,6
1445,172.16.10.1,172.16.11.1,20,0,0,6
1446,172.16.11.1,172.16.10.1,20,0,0,6
1447,172.16.11.1,172.16.10.1,20,0,0,6
1448,172.16.10.1,172.16.11.1,20,0,0,6
1449,172.16.11.1,172.16.10.1,20,0,0,6
1450,172.16.11.1,172.16.10.1,20,0,0,6
1451,172.16.10.1,172.16.11.1,20,0,0,6
1452,172.16.11.1,172.16.10.1,20,0,0,6
1453,172.16.11.1,172.16.10.1,20,0,0,6
1454,172.16.10.1,172.16.11.1,20,0,0,6
1455,172.16.11.1,172.16.10.1,20,0,0,6
1456,172.16.11.1,172.16.10.1,20,0,0,6
1457,172.16.10.1,172.16.11.1,20,0,0,6
1458,172.16.11.1,172.16.10.1,20,0,0,6
1459,172.16.11.1,172.16.10.1,20,0,0,6
1460,172.16.10.1,172.16.11.1,20,0,0,6
1461,172.16.11.1,172.16.10.1,20,0,0,6
1462,172.16.11.1,172.16.10.1,20,0,0,6
1463,172.16.10.1,172.16.11.1,20,0,0,6
1464,172.16.11.1,172.16.10.1,20,0,0,6
1465,172.16.11.1,172.16.10.1,20,0,0,6
1466,172.16.11.1,172.16.10.1,20,0,0,6
1467,172.16.10.1,172.16.11.1,20,0,0,6
1468,172.16.11.1,172.16.10.1,20,0,0,6
1469,172.16.11.1,172.16.10.1,20,0,0,6
1470,172.16.10.1,172.16.11.1,20,0,0,6
1471,172.16.11.1,172.16.10.1,20,0,0,6
1472,172.16.11.1,172.16.10.1,20,0,0,6
1473,172.16.10.1,172.16.11.1,20,0,0,6
1474,172.16.11.1,172.16.10.1,20,0,0,6
1475,172.16.11.1,172.16.10.1,20,0,0,6
1476,172.16.10.1,172.16.11.1,20,0,0,6
1477,172.16.11.1,172.16.10.1,20,0,0,6
1478,172.16.11.1,172.16.10.1,20,0,0,6
1479,172.16.10.1,172.16.11.1,20,0,0,6
1480,172.16.11.1,172.16.10.1,20,0,0,6
1481,172.16.11.1,172.16.10.1,20,0,0,6
1482,172.16.10.1,172.16.11.1,20,0,0,6
1483,172.16.11.1,172.16.10.1,20,0,0,6
1484,172.16.11.1,172.16.10.1,20,0,0,6
1485,172.16.10.1,172.16.11.1,20,0,0,6
1486,172.16.11.1,172.16.10.1,20,0,0,6
1487,172.16.11.1,172.16.10.1,20,0,0,6
1488,172.16.11.1,172.16.10.1,20,0,0,6
1489,172.16.10.1,172.16.11.1,20,0,0,6
1490,172.16.11.1,172.16.10.1,20,0,0,6
1491,172.16.11.1,172.16.10.1,20,0,0,6
1492,172.16.10.1,172.16.11.1,20,0,0,6
1493,172.16.11.1,172.16.10.1,20,0,0,6
1494,172.16.11.1,172.16.10.1,20,0,0,6
1495,172.16.10.1,172.16.11.1,20,0,0,6
1496,172.16.11.1,172.16.10.1,20,0,0,6
1497,172.16.11.1,172.16.10.1,20,0,0,6
1498,172.16.10.1,172.16.11.1,20,0,0,6
1499,172.16.11.1,172.16.10.1,20,0,0,6
1500,172.16.11.1,172.16.10.1,20,0,0,6
1501,172.16.10.1,172.16.11.1,20,0,0,6
1502,172.16.11.1,172.16.10.1,20,0,0,6
1503,172.16.11.1,172.16.10.1,20,0,0,6
1504,172.16.10.1,172.16.11.1,20,0,0,6
1505,172.16.11.1,172.16.10.1,20,0,0,6
1506,172.16.11.1,172.16.10.1,20,0,0,6
1507,172.16.10.1,172.16.11.1,20,0,0,6
1508,172.16.11.1,172.16.10.1,20,0,0,6
1509,172.16.11.1,172.16.10.1,20,0,0,6
1510,172.16.10.1,172.16.11.1,20,0,0,6
1511,172.16.11.1,172.16.10.1,20,0,0,6
1512,172.16.10.1,172.16.11.1,20,0,0,6
1513,172.16.11.1,172.16.10.1,20,0,0,6
1514,172.16.11.1,172.16.10.1,20,0,0,6
1515,172.16.10.1,172.16.11.1,20,0,0,6
1516,172.16.11.1,172.16.10.1,20,0,0,6
1517,172.16.11.1,172.16.10.1,20,0,0,6
1518,172.16.10.1,172.16.11.1,20,0,0,6
1519,172.16.11.1,172.16.10.1,20,0,0,6
1520,172.16.11.1,172.16.10.1,20,0,0,6
1521,172.16.10.1,172.16.11.1,20,0,0,6
1522,172.16.11.1,172.16.10.1,20,0,0,6
1523,172.16.11.1,172.16.10.1,20,0,0,6
1524,172.16.10.1,172.16.11.1,20,0,0,6
1525,172.16.11.1,172.16.10.1,20,0,0,6
1526,172.16.11.1,172.16.10.1,20,0,0,6
1527,172.16.10.1,172.16.11.1,20,0,0,6
1528,172.16.11.1,172.16.10.1,20,0,0,6
1529,172.16.11.1,172.16.10.1,20,0,0,6
1530,172.16.10.1,172.16.11.1,20,0,0,6
1531,172.16.11.1,172.16.10.1,20,0,0,6
1532,172.16.11.1,172.16.10.1,20,0,0,6
1533,172.16.11.1,172.16.10.1,20,0,0,6
1534,172.16.10.1,172.16.11.1,20,0,0,6
1535,172.16.11.1,172.16.10.1,20,0,0,6
1536,172.16.11.1,172.16.10.1,20,0,0,6
1537,172.16.10.1,172.16.11.1,20,0,0,6
1538,172.16.11.1,172.16.10.1,20,0,0,6
1539,172.16.11.1,172.16.10.1,20,0,0,6
1540,172.16.10.1,172.16.11.1,20,0,0,6
1541,172.16.11.1,172.16.10.1,20,0,0,6
1542,172.16.11.1,172.16.10.1,20,0,0,6
1543,172.16.10.1,172.16.11.1,20,0,0,6
1544,172.16.11.1,172.16.10.1,20,0,0,6
1545,172.16.11.1,172.16.10.1,20,0,0,6
1546,172.16.10.1,172.16.11.1,20,0,0,6
1547,172.16.11.1,172.16.10.1,20,0,0,6
1548,172.16.11.1,172.16.10.1,20,0,0,6
1549,172.16.11.1,172.16.10.1,20,0,0,6
1550,172.16.11.1,172.16.10.1,20,0,0,6
1551,172.16.10.1,172.16.11.1,20,0,0,6
1552,172.16.11.1,172.16.10.1,20,0,0,6
1553,172.16.11.1,172.16.10.1,20,0,0,6
1554,172.16.10.1,172.16.11.1,20,0,0,6
1555,172.16.11.1,172.16.10.1,20,0,0,6
1556,172.16.10.1,172.16.11.1,20,0,0,6
1557,172.16.11.1,172.16.10.1,20,0,0,6
1558,172.16.10.1,172.16.11.1,20,0,0,6
1559,172.16.11.1,172.16.10.1,20,0,0,6
1560,172.16.11.1,172.16.10.1,20,0,0,6
1561,172.16.10.1,172.16.11.1,20,0,0,6
1562,172.16.11.1,172.16.10.1,20,0,0,6
1563,172.16.11.1,172.16.10.1,20,0,0,6
1564,172.16.10.1,172.16.11.1,20,0,0,6
1565,172.16.11.1,172.16.10.1,20,0,0,6
1566,172.16.11.1,172.16.10.1,20,0,0,6
1567,172.16.11.1,172.16.10.1,20,0,0,6
1568,172.16.10.1,172.16.11.1,20,0,0,6
1569,172.16.11.1,172.16.10.1,20,0,0,6
1570,172.16.11.1,172.16.10.1,20,0,0,6
1571,172.16.10.1,172.16.11.1,20,0,0,6
1572,172.16.11.1,172.16.10.1,20,0,0,6
1573,172.16.11.1,172.16.10.1,20,0,0,6
1574,172.16.10.1,172.16.11.1,20,0,0,6
1575,172.16.11.1,172.16.10.1,20,0,0,6
1576,172.16.11.1,172.16.10.1,20,0,0,6
1577,172.16.10.1,172.16.11.1,20,0,0,6
1578,172.16.11.1,172.16.10.1,20,0,0,6
1579,172.16.11.1,172.16.10.1,20,0,0,6
1580,172.16.10.1,172.16.11.1,20,0,0,6
1581,172.16.11.1,172.16.10.1,20,0,0,6
1582,172.16.11.1,172.16.10.1,20,0,0,6
1583,172.16.10.1,172.16.11.1,20,0,0,6
1584,172.16.11.1,172.16.10.1,20,0,0,6
1585,172.16.11.1,172.16.10.1,20,0,0,6
1586,172.16.10.1,172.16.11.1,20,0,0,6
1587,172.16.11.1,172.16.10.1,20,0,0,6
1588,172.16.11.1,172.16.10.1,20,0,0,6
1589,172.16.10.1,172.16.11.1,20,0,0,6
1590,172.16.11.1,172.16.10.1,20,0,0,6
1591,172.16.11.1,172.16.10.1,20,0,0,6
1592,172.16.10.1,172.16.11.1,20,0,0,6
1593,172.16.11.1,172.16.10.1,20,0,0,6
1594,172.16.11.1,172.16.10.1,20,0,0,6
1595,172.16.10.1,172.16.11.1,20,0,0,6
1596,172.16.10.1,172.16.11.1,20,0,0,6
1597,172.16.11.1,172.16.10.1,20,0,0,6
1598,172.16.11.1,172.16.10.1,20,0,0,6
1599,172.16.10.1,172.16.11.1,20,0,0,6
1600,172.16.11.1,172.16.10.1,20,0,0,6
1601,172.16.11.1,172.16.10.1,20,0,0,6
1602,172.16.10.1,172.16.11.1,20,0,0,6
1603,172.16.11.1,172.16.10.1,20,0,0,6
1604,172.16.10.1,172.16.11.1,20,0,0,6
1605,172.16.11.1,172.16.10.1,20,0,0,6
1606,172.16.11.1,172.16.10.1,20,0,0,6
1607,172.16.10.1,172.16.11.1,20,0,0,6
1608,172.16.11.1,172.16.10.1,20,0,0,6
1609,172.16.11.1,172.16.10.1,20,0,0,6
1610,172.16.10.1,172.16.11.1,20,0,0,6
1611,172.16.11.1,172.16.10.1,20,0,0,6
1612,172.16.11.1,172.16.10.1,20,0,0,6
1613,172.16.10.1,172.16.11.1,20,0,0,6
1614,172.16.11.1,172.16.10.1,20,0,0,6
1615,172.16.11.1,172.16.10.1,20,0,0,6
1616,172.16.11.1,172.16.10.1,20,0,0,6
1617,172.16.11.1,172.16.10.1,20,0,0,6
1618,172.16.10.1,172.16.11.1,20,0,0,6
1619,172.16.11.1,172.16.10.1,20,0,0,6
1620,172.16.11.1,172.16.10.1,20,0,0,6
1621,172.16.10.1,172.16.11.1,20,0,0,6
1622,172.16.11.1,172.16.10.1,20,0,0,6
1623,172.16.11.1,172.16.10.1,20,0,0,6
1624,172.16.10.1,172.16.11.1,20,0,0,6
1625,172.16.11.1,172.16.10.1,20,0,0,6
1626,172.16.10.1,172.16.11.1,20,0,0,6
1627,172.16.11.1,172.16.10.1,20,0,0,6
1628,172.16.11.1,172.16.10.1,20,0,0,6
1629,172.16.10.1,172.16.11.1,20,0,0,6
1630,172.16.11.1,172.16.10.1,20,0,0,6
1631,172.16.11.1,172.16.10.1,20,0,0,6
1632,172.16.10.1,172.16.11.1,20,0,0,6
1633,172.16.11.1,172.16.10.1,20,0,0,6
1634,172.16.11.1,172.16.10.1,20,0,0,6
1635,172.16.10.1,172.16.11.1,20,0,0,6
1636,172.16.11.1,172.16.10.1,20,0,0,6
1637,172.16.11.1,172.16.10.1,20,0,0,6
1638,172.16.10.1,172.16.11.1,20,0,0,6
1639,172.16.11.1,172.16.10.1,20,0,0,6
1640,172.16.11.1,172.16.10.1,20,0,0,6
1641,172.16.10.1,172.16.11.1,20,0,0,6
1642,172.16.11.1,172.16.10.1,20,0,0,6
1643,172.16.11.1,172.16.10.1,20,0,0,6
1644,172.16.10.1,172.16.11.1,20,0,0,6
1645,172.16.11.1,172.16.10.1,20,0,0,6
1646,172.16.11.1,172.16.10.1,20,0,0,6
1647,172.16.11.1,172.16.10.1,20,0,0,6
1648,172.16.10.1,172.16.11.1,20,0,0,6
1649,172.16.11.1,172.16.10.1,20,0,0,6
1650,172.16.11.1,172.16.10.1,20,0,0,6
1651,172.16.10.1,172.16.11.1,20,0,0,6
1652,172.16.11.1,172.16.10.1,20,0,0,6
1653,172.16.11.1,172.16.10.1,20,0,0,6
1654,172.16.10.1,172.16.11.1,20,0,0,6
1655,172.16.11.1,172.16.10.1,20,0,0,6
1656,172.16.11.1,172.16.10.1,20,0,0,6
1657,172.16.10.1,172.16.11.1,20,0,0,6
1658,172.16.11.1,172.16.10.1,20,0,0,6
1659,172.16.11.1,172.16.10.1,20,0,0,6
1660,172.16.10.1,172.16.11.1,20,0,0,6
1661,172.16.11.1,172.16.10.1,20,0,0,6
1662,172.16.11.1,172.16.10.1,20,0,0,6
1663,172.16.10.1,172.16.11.1,20,0,0,6
1664,172.16.11.1,172.16.10.1,20,0,0,6
1665,172.16.11.1,172.16.10.1,20,0,0,6
1666,172.16.10.1,172.16.11.1,20,0,0,6
1667,172.16.11.1,172.16.10.1,20,0,0,6
1668,172.16.11.1,172.16.10.1,20,0,0,6
1669,172.16.10.1,172.16.11.1,20,0,0,6
1670,172.16.11.1,172.16.10.1,20,0,0,6
1671,172.16.11.1,172.16.10.1,20,0,0,6
1672,172.16.11.1,172.16.10.1,20,0,0,6
1673,172.16.10.1,172.16.11.1,20,0,0,6
1674,172.16.11.1,172.16.10.1,20,0,0,6
1675,172.16.11.1,172.16.10.1,20,0,0,6
1676,172.16.10.1,172.16.11.1,20,0,0,6
1677,172.16.11.1,172.16.10.1,20,0,0,6
1678,172.16.11.1,172.16.10.1,20,0,0,6
1679,172.16.10.1,172.16.11.1,20,0,0,6
1680,172.16.11.1,172.16.10.1,20,0,0,6
1681,172.16.11.1,172.16.10.1,20,0,0,6
1682,172.16.10.1,172.16.11.1,20,0,0,6
1683,172.16.11.1,172.16.10.1,20,0,0,6
1684,172.16.11.1,172.16.10.1,20,0,0,6
1687,172.16.10.1,172.16.11.1,20,0,0,6
1688,172.16.11.1,172.16.10.1,20,0,0,6
1689,172.16.11.1,172.16.10.1,20,0,0,6
1690,172.16.10.1,172.16.11.1,20,0,0,6
1691,172.16.11.1,172.16.10.1,20,0,0,6
1692,172.16.11.1,172.16.10.1,20,0,0,6
1693,172.16.10.1,172.16.11.1,20,0,0,6
1694,172.16.11.1,172.16.10.1,20,0,0,6
1695,172.16.11.1,172.16.10.1,20,0,0,6
1696,172.16.10.1,172.16.11.1,20,0,0,6
1697,172.16.11.1,172.16.10.1,20,0,0,6
1698,172.16.11.1,172.16.10.1,20,0,0,6
1699,172.16.10.1,172.16.11.1,20,0,0,6
1700,172.16.11.1,172.16.10.1,20,0,0,6
1701,172.16.11.1,172.16.10.1,20,0,0,6
1702,172.16.10.1,172.16.11.1,20,0,0,6
1703,172.16.11.1,172.16.10.1,20,0,0,6
1704,172.16.11.1,172.16.10.1,20,0,0,6
1705,172.16.10.1,172.16.11.1,20,0,0,6
1706,172.16.11.1,172.16.10.1,20,0,0,6
1707,172.16.11.1,172.16.10.1,20,0,0,6
1708,172.16.10.1,172.16.11.1,20,0,0,6
1709,172.16.11.1,172.16.10.1,20,0,0,6
1710,172.16.11.1,172.16.10.1,20,0,0,6
1711,172.16.10.1,172.16.11.1,20,0,0,6
1712,172.16.11.1,172.16.10.1,20,0,0,6
1713,172.16.11.1,172.16.10.1,20,0,0,6
1714,172.16.10.1,172.16.11.1,20,0,0,6
1715,172.16.11.1,172.16.10.1,20,0,0,6
1716,172.16.11.1,172.16.10.1,20,0,0,6
1717,172.16.10.1,172.16.11.1,20,0,0,6
1718,172.16.11.1,172.16.10.1,20,0,0,6
1719,172.16.10.1,172.16.11.1,20,0,0,6
1720,172.16.11.1,172.16.10.1,20,0,0,6
1721,172.16.11.1,172.16.10.1,20,0,0,6
1722,172.16.10.1,172.16.11.1,20,0,0,6
1723,172.16.11.1,172.16.10.1,20,0,0,6
1724,172.16.11.1,172.16.10.1,20,0,0,6
1725,172.16.10.1,172.16.11.1,20,0,0,6
1726,172.16.11.1,172.16.10.1,20,0,0,6
1727,172.16.11.1,172.16.10.1,20,0,0,6
1728,172.16.10.1,172.16.11.1,20,0,0,6
1729,172.16.11.1,172.16.10.1,20,0,0,6
1730,172.16.11.1,172.16.10.1,20,0,0,6
1731,172.16.10.1,172.16.11.1,20,0,0,6
1732,172.16.11.1,172.16.10.1,20,0,0,6
1733,172.16.11.1,172.16.10.1,20,0,0,6
1734,172.16.10.1,172.16.11.1,20,0,0,6
1735,172.16.11.1,172.16.10.1,20,0,0,6
1736,172.16.11.1,172.16.10.1,20,0,0,6
1737,172.16.10.1,172.16.11.1,20,0,0,6
1738,172.16.11.1,172.16.10.1,20,0,0,6
1739,172.16.11.1,172.16.10.1,20,0,0,6
1740,172.16.10.1,172.16.11.1,20,0,0,6
1741,172.16.11.1,172.16.10.1,20,0,0,6
1742,172.16.10.1,172.16.11.1,20,0,0,6
1743,172.16.11.1,172.16.10.1,20,0,0,6
1744,172.16.11.1,172.16.10.1,20,0,0,6
1745,172.16.10.1,172.16.11.1,20,0,0,6
1746,172.16.11.1,172.16.10.1,20,0,0,6
1747,172.16.11.1,172.16.10.1,20,0,0,6
1748,172.16.10.1,172.16.11.1,20,0,0,6
1749,172.16.11.1,172.16.10.1,20,0,0,6
1750,172.16.11.1,172.16.10.1,20,0,0,6
1751,172.16.10.1,172.16.11.1,20,0,0,6
1752,172.16.11.1,172.16.10.1,20,0,0,6
1753,172.16.11.1,172.16.10.1,20,0,0,6
1754,172.16.10.1,172.16.11.1,20,0,0,6
1755,172.16.11.1,172.16.10.1,20,0,0,6
1756,172.16.11.1,172.16.10.1,20,0,0,6
1757,172.16.10.1,172.16.11.1,20,0,0,6
1758,172.16.11.1,172.16.10.1,20,0,0,6
1759,172.16.11.1,172.16.10.1,20,0,0,6
1760,172.16.10.1,172.16.11.1,20,0,0,6
1761,172.16.11.1,172.16.10.1,20,0,0,6
1762,172.16.11.1,172.16.10.1,20,0,0,6
1763,172.16.11.1,172.16.10.1,20,0,0,6
1764,172.16.10.1,172.16.11.1,20,0,0,6
1765,172.16.11.1,172.16.10.1,20,0,0,6
1766,172.16.11.1,172.16.10.1,20,0,0,6
1767,172.16.10.1,172.16.11.1,20,0,0,6
1768,172.16.11.1,172.16.10.1,20,0,0,6
1769,172.16.11.1,172.16.10.1,20,0,0,6
1770,172.16.10.1,172.16.11.1,20,0,0,6
1771,172.16.11.1,172.16.10.1,20,0,0,6
1772,172.16.11.1,172.16.10.1,20,0,0,6
1773,172.16.10.1,172.16.11.1,20,0,0,6
1774,172.16.11.1,172.16.10.1,20,0,0,6
1775,172.16.11.1,172.16.10.1,20,0,0,6
1776,172.16.10.1,172.16.11.1,20,0,0,6
1777,172.16.11.1,172.16.10.1,20,0,0,6
1778,172.16.11.1,172.16.10.1,20,0,0,6
1779,172.16.10.1,172.16.11.1,20,0,0,6
1780,172.16.11.1,172.16.10.1,20,0,0,6
1781,172.16.11.1,172.16.10.1,20,0,0,6
1782,172.16.10.1,172.16.11.1,20,0,0,6
1783,172.16.11.1,172.16.10.1,20,0,0,6
1784,172.16.11.1,172.16.10.1,20,0,0,6
1785,172.16.10.1,172.16.11.1,20,0,0,6
1786,172.16.11.1,172.16.10.1,20,0,0,6
1787,172.16.10.1,172.16.11.1,20,0,0,6
1788,172.16.11.1,172.16.10.1,20,0,0,6
1789,172.16.11.1,172.16.10.1,20,0,0,6
1790,172.16.10.1,172.16.11.1,20,0,0,6
1791,172.16.11.1,172.16.10.1,20,0,0,6
1792,172.16.11.1,172.16.10.1,20,0,0,6
1793,172.16.10.1,172.16.11.1,20,0,0,6
1794,172.16.11.1,172.16.10.1,20,0,0,6
1795,172.16.11.1,172.16.10.1,20,0,0,6
1796,172.16.10.1,172.16.11.1,20,0,0,6
1797,172.16.11.1,172.16.10.1,20,0,0,6
1798,172.16.11.1,172.16.10.1,20,0,0,6
1799,172.16.10.1,172.16.11.1,20,0,0,6
1800,172.16.11.1,172.16.10.1,20,0,0,6
1801,172.16.11.1,172.16.10.1,20,0,0,6
1802,172.16.10.1,172.16.11.1,20,0,0,6
1803,172.16.11.1,172.16.10.1,20,0,0,6
1804,172.16.11.1,172.16.10.1,20,0,0,6
1805,172.16.10.1,172.16.11.1,20,0,0,6
1806,172.16.11.1,172.16.10.1,20,0,0,6
1807,172.16.11.1,172.16.10.1,20,0,0,6
1808,172.16.11.1,172.16.10.1,20,0,0,6
1809,172.16.10.1,172.16.11.1,20,0,0,6
1810,172.16.11.1,172.16.10.1,20,0,0,6
1811,172.16.11.1,172.16.10.1,20,0,0,6
1812,172.16.10.1,172.16.11.1,20,0,0,6
1813,172.16.11.1,172.16.10.1,20,0,0,6
1814,172.16.11.1,172.16.10.1,20,0,0,6
1815,172.16.10.1,172.16.11.1,20,0,0,6
1816,172.16.11.1,172.16.10.1,20,0,0,6
1817,172.16.11.1,172.16.10.1,20,0,0,6
1818,172.16.10.1,172.16.11.1,20,0,0,6
1819,172.16.11.1,172.16.10.1,20,0,0,6
1820,172.16.11.1,172.16.10.1,20,0,0,6
1821,172.16.10.1,172.16.11.1,20,0,0,6
1822,172.16.11.1,172.16.10.1,20,0,0,6
1823,172.16.11.1,172.16.10.1,20,0,0,6
1824,172.16.10.1,172.16.11.1,20,0,0,6
1825,172.16.11.1,172.16.10.1,20,0,0,6
1826,172.16.11.1,172.16.10.1,20,0,0,6
1827,172.16.10.1,172.16.11.1,20,0,0,6
1828,172.16.11.1,172.16.10.1,20,0,0,6
1829,172.16.11.1,172.16.10.1,20,0,0,6
1830,172.16.10.1,172.16.11.1,20,0,0,6
1831,172.16.11.1,172.16.10.1,20,0,0,6
1832,172.16.11.1,172.16.10.1,20,0,0,6
1833,172.16.10.1,172.16.11.1,20,0,0,6
1834,172.16.10.1,172.16.11.1,20,0,0,6
1835,172.16.10.1,172.16.11.1,20,0,0,6
1836,172.16.10.1,172.16.11.1,20,0,0,6
1837,172.16.10.1,172.16.11.1,20,0,0,6
1838,172.16.10.1,172.16.11.1,20,0,0,6
1839,172.16.10.1,172.16.11.1,20,0,0,6
1840,172.16.10.1,172.16.11.1,20,0,0,6
1841,172.16.10.1,172.16.11.1,20,0,0,6
1842,172.16.10.1,172.16.11.1,20,0,0,6
1843,172.16.10.1,172.16.11.1,20,0,0,6
1844,172.16.10.1,172.16.11.1,20,0,0,6
1845,172.16.10.1,172.16.11.1,20,0,0,6
1846,172.16.10.1,172.16.11.1,20,0,0,6
1847,172.16.10.1,172.16.11.1,20,0,0,6
1848,172.16.11.1,172.16.10.1,20,0,0,6
