Packet Number,Source IP,Destination IP,Source Port,Destination Port,IHL(byte),DSCP,ECN,Protocol,Packet Length,ICMP_Type
257,193.188.204.111,32.172.149.155,-,-,20,0,0,1,56,3
277,164.191.23.52,94.203.116.0,-,-,20,0,0,1,56,11
296,164.191.23.52,194.128.78.238,-,-,20,0,0,1,56,11
347,45.73.88.32,192.114.235.164,-,-,20,0,0,1,84,8
372,192.114.235.164,45.73.88.32,-,-,20,0,0,1,84,0
483,182.77.118.136,221.2.11.36,-,-,20,0,0,1,56,3
493,41.158.67.165,192.114.147.147,-,-,20,0,0,1,92,8
1069,164.191.23.54,194.128.78.238,-,-,20,0,0,1,56,11
1373,164.66.234.130,199.99.109.218,-,-,20,0,0,1,78,0
1386,161.32.168.70,223.10.175.155,-,-,20,0,0,1,94,3
1559,192.114.234.146,89.110.142.239,-,-,20,0,0,1,56,3
1626,92.11.242.74,145.120.188.51,-,-,20,0,0,1,56,11
1638,92.11.195.161,145.120.188.51,-,-,20,0,0,1,56,11
1639,92.11.195.202,145.120.188.51,-,-,20,0,0,1,56,11
1698,192.114.232.31,46.180.165.88,-,-,20,0,0,1,56,11
1839,164.191.23.54,44.151.52.159,-,-,20,0,0,1,56,11
1894,164.191.23.54,194.128.78.238,-,-,20,0,0,1,56,11
1959,160.72.3.171,46.224.114.55,-,-,20,0,0,1,88,3
2024,92.116.164.204,193.188.221.215,-,-,20,0,0,1,92,8
2371,192.114.227.236,193.243.130.219,-,-,20,0,0,1,1500,0
2505,209.24.69.204,192.114.232.31,-,-,20,0,0,1,64,8
2529,193.244.23.205,192.122.97.133,-,-,20,0,0,1,56,3
2531,192.114.232.31,209.24.69.204,-,-,20,0,0,1,64,0
2761,164.191.23.52,194.128.78.238,-,-,20,0,0,1,56,11
2800,212.198.172.96,192.114.227.236,-,-,20,0,0,1,1492,8
2808,192.114.227.236,212.198.172.96,-,-,20,0,0,1,1492,0
2950,145.120.188.50,214.22.22.81,-,-,20,0,0,1,66,3
2964,182.77.181.241,11.171.184.129,-,-,20,0,0,1,56,3
3057,145.14.165.208,202.233.188.77,-,-,20,0,0,1,56,3
3069,150.152.109.225,192.114.232.31,-,-,20,0,0,1,64,8
3085,192.114.232.31,150.152.109.225,-,-,20,0,0,1,64,0
3450,192.114.232.31,46.180.165.70,-,-,20,0,0,1,56,11
3557,164.191.23.52,194.128.78.238,-,-,20,0,0,1,56,11
3582,162.172.138.50,145.120.188.51,-,-,20,0,0,1,172,11
3604,162.172.140.137,145.120.188.51,-,-,20,0,0,1,172,11
3908,117.212.84.7,193.188.250.221,-,-,20,16,0,1,92,8
4045,92.222.13.110,192.114.149.12,-,-,20,0,0,1,92,8
4286,164.191.23.52,194.128.78.238,-,-,20,0,0,1,56,11
4301,162.172.138.37,145.120.188.51,-,-,20,0,0,1,168,11
4312,162.172.138.5,145.120.188.51,-,-,20,0,0,1,168,11
4317,220.176.95.136,192.114.179.124,-,-,20,0,0,1,92,8
4360,204.50.74.218,145.120.188.51,-,-,20,0,0,1,56,11
4409,192.186.198.11,193.188.251.119,-,-,20,0,0,1,92,8
4618,164.191.23.52,94.41.73.249,-,-,20,0,0,1,56,11
4813,212.198.172.96,192.114.227.240,-,-,20,0,0,1,1492,8
4838,192.114.227.240,212.198.172.96,-,-,20,0,0,1,1492,0
5128,164.191.23.52,44.151.52.159,-,-,20,0,0,1,56,11
5162,164.191.23.52,194.128.78.238,-,-,20,0,0,1,56,11
5308,192.114.227.240,193.243.130.219,-,-,20,0,0,1,1500,0
5377,192.114.232.31,46.180.165.106,-,-,20,0,0,1,56,11
5453,92.11.242.74,145.120.188.51,-,-,20,0,0,1,56,11
5455,92.21.111.147,145.120.188.51,-,-,20,0,0,1,56,11
5457,92.11.195.194,145.120.188.51,-,-,20,0,0,1,56,11
5691,193.244.23.205,221.169.3.28,-,-,20,0,0,1,56,3
6017,198.4.209.235,164.191.22.230,-,-,20,0,0,1,81,3
6031,164.191.23.52,194.128.78.238,-,-,20,0,0,1,56,11
6180,92.97.34.122,192.114.234.10,-,-,20,48,0,1,203,3
6220,92.97.34.122,192.114.234.10,-,-,20,48,0,1,203,3
6324,221.195.16.127,193.59.125.129,-,-,20,0,0,1,92,8
6698,182.77.194.97,104.228.171.209,-,-,20,0,0,1,56,3
6741,164.191.23.52,194.128.78.238,-,-,20,0,0,1,56,11
6850,162.172.138.89,145.120.188.58,-,-,20,0,0,1,56,11
6874,162.172.138.189,145.120.188.51,-,-,20,0,0,1,56,11
6892,149.198.195.134,209.204.13.48,-,-,20,0,0,1,56,3
6937,213.76.78.18,145.120.188.58,-,-,20,48,0,1,56,11
7034,149.198.2.109,42.182.121.33,-,-,20,0,0,1,93,11
7165,221.72.101.155,192.114.181.206,-,-,20,0,0,1,92,8
7440,215.246.153.236,192.114.235.164,-,-,20,0,0,1,84,8
7461,192.114.235.164,215.246.153.236,-,-,20,0,0,1,84,0
7585,164.191.23.52,221.2.11.36,-,-,20,0,0,1,56,11
7682,160.72.63.43,51.88.54.19,-,-,20,0,0,1,56,3
7695,213.76.211.40,145.120.188.58,-,-,20,0,0,1,56,11
7730,164.191.23.54,11.17.109.99,-,-,20,0,0,1,56,11
7794,145.120.171.131,11.171.184.129,-,-,20,0,0,1,56,3
7850,208.58.230.127,193.20.180.129,-,-,20,0,0,1,84,8
7851,182.77.68.22,92.68.221.12,-,-,20,0,0,1,56,3
7883,152.223.161.113,145.120.188.58,-,-,20,0,0,1,56,11
7998,192.114.232.24,212.96.242.54,-,-,20,0,0,1,56,3
8000,193.188.201.161,32.165.200.159,-,-,20,0,0,1,28,0
8219,40.35.160.90,193.188.248.180,-,-,20,0,0,1,92,8
8236,193.244.23.205,192.56.203.65,-,-,20,0,0,1,56,3
8256,193.244.23.205,192.56.203.143,-,-,20,0,0,1,56,3
8427,217.2.69.21,145.120.188.58,-,-,20,48,0,1,56,11
8456,217.2.84.214,145.120.188.58,-,-,20,48,0,1,56,11
8822,164.191.23.54,44.241.11.33,-,-,20,0,0,1,56,11
8843,217.2.84.141,145.120.188.58,-,-,20,48,0,1,56,11
9028,193.244.23.205,192.32.194.204,-,-,20,0,0,1,56,3
9048,92.11.195.43,145.120.188.58,-,-,20,0,0,1,56,11
9049,193.93.173.149,193.188.224.12,-,-,20,48,0,1,72,3
9052,193.93.173.149,193.188.224.12,-,-,20,48,0,1,68,3
9137,88.28.229.39,192.114.132.27,-,-,20,0,0,1,92,8
9260,92.21.111.220,145.120.188.58,-,-,20,0,0,1,56,11
9354,213.37.53.72,145.120.188.58,-,-,20,48,0,1,56,11
9377,145.120.188.51,194.141.159.249,-,-,20,0,0,1,121,3
9467,92.11.242.74,145.120.188.58,-,-,20,0,0,1,56,11
9716,193.188.222.30,212.96.242.52,-,-,20,0,0,1,56,11
9739,193.188.222.30,212.96.242.52,-,-,20,0,0,1,56,11
9760,193.188.222.30,212.96.242.52,-,-,20,0,0,1,56,11
9789,192.114.239.45,212.96.242.52,-,-,20,0,0,1,56,11
9792,192.114.239.45,212.96.242.52,-,-,20,0,0,1,56,11
9793,192.114.227.236,193.243.130.219,-,-,20,0,0,1,1500,0
9800,192.114.239.45,212.96.242.52,-,-,20,0,0,1,56,11
9836,192.114.232.24,212.96.242.52,-,-,20,0,0,1,56,11
9869,192.114.232.24,212.96.242.52,-,-,20,0,0,1,56,11
9890,192.114.232.24,212.96.242.52,-,-,20,0,0,1,56,11
9914,192.114.232.24,212.96.242.52,-,-,20,0,0,1,56,3
10209,212.198.172.96,192.114.227.236,-,-,20,0,0,1,1492,8
10220,192.114.227.236,212.198.172.96,-,-,20,0,0,1,1492,0
10299,164.93.192.225,48.21.177.163,-,-,20,0,0,1,120,3
10409,164.191.23.52,50.138.112.15,-,-,20,0,0,1,56,11
10562,145.14.165.208,41.152.3.40,-,-,20,0,0,1,56,3
10632,161.32.150.0,192.168.0.71,-,-,20,0,0,1,56,3
10895,182.77.13.150,92.122.223.44,-,-,20,0,0,1,56,3
10904,218.15.68.146,192.114.184.238,-,-,20,0,0,1,92,8
10918,182.77.135.88,167.155.105.87,-,-,20,0,0,1,56,3
10963,223.151.205.232,192.114.235.164,-,-,20,0,0,1,84,8
10982,192.114.235.164,223.151.205.232,-,-,20,0,0,1,84,0
11226,164.191.23.52,89.184.126.149,-,-,20,0,0,1,56,11
11389,145.120.171.131,45.171.161.255,-,-,20,0,0,1,56,3
11400,217.0.6.202,145.120.188.58,-,-,20,48,0,1,61,11
11555,193.188.204.111,11.72.76.123,-,-,20,0,0,1,56,3
11595,145.120.171.131,92.123.103.5,-,-,20,0,0,1,56,3
11831,192.136.107.117,193.59.115.87,-,-,20,0,0,1,92,8
12074,32.143.195.96,193.188.213.220,-,-,20,0,0,1,92,8
12210,182.77.162.89,42.102.13.222,-,-,20,0,0,1,56,3
12224,92.11.242.74,145.120.188.58,-,-,20,0,0,1,56,11
12232,92.198.152.163,145.120.188.58,-,-,20,0,0,1,56,11
12371,212.198.172.96,192.114.227.240,-,-,20,0,0,1,1492,8
12395,192.114.227.240,212.198.172.96,-,-,20,0,0,1,1492,0
12412,145.120.179.85,33.213.36.74,-,-,20,0,0,1,56,3
12738,182.77.139.13,113.84.65.202,-,-,20,0,0,1,56,3
12762,164.191.23.54,88.203.61.140,-,-,20,0,0,1,56,11
12799,192.114.227.240,193.243.130.219,-,-,20,0,0,1,1500,0
12959,193.188.208.232,193.94.189.83,-,-,20,0,0,1,56,3
13051,164.191.23.54,33.213.36.74,-,-,20,0,0,1,56,11
13062,193.244.23.205,192.122.97.133,-,-,20,0,0,1,56,3
13480,164.191.23.54,130.9.30.245,-,-,20,0,0,1,56,11
13565,182.77.80.42,218.24.73.220,-,-,20,0,0,1,56,3
14006,88.28.0.159,192.114.162.159,-,-,20,0,0,1,92,8
14061,89.3.230.202,193.188.206.193,-,-,20,0,0,1,92,8
14119,164.66.53.78,182.229.176.59,-,-,20,0,0,1,112,3
14327,164.191.23.54,92.68.221.12,-,-,20,0,0,1,56,11
14679,223.0.152.76,193.20.180.50,-,-,20,0,0,1,84,8
14849,149.198.203.108,42.182.127.224,-,-,20,0,0,1,56,11
15445,192.114.235.184,89.232.130.86,-,-,20,0,0,1,56,3
16231,193.188.208.232,33.25.5.94,-,-,20,0,0,1,56,3
16497,198.173.143.178,192.114.232.31,-,-,20,0,0,1,84,8
16528,192.114.232.31,198.173.143.178,-,-,20,0,0,1,84,0
16585,92.11.242.74,145.120.188.58,-,-,20,0,0,1,56,11
16608,92.198.152.163,145.120.188.58,-,-,20,0,0,1,56,11
16609,92.11.195.194,145.120.188.58,-,-,20,0,0,1,56,11
16668,182.77.186.63,218.17.176.151,-,-,20,0,0,1,56,3
16696,117.212.84.7,145.120.198.29,-,-,20,16,0,1,92,8
17297,193.188.201.161,32.165.200.159,-,-,20,0,0,1,28,0
17521,192.114.227.236,193.243.130.219,-,-,20,0,0,1,1500,0
17556,95.32.241.109,192.114.235.164,-,-,20,0,0,1,64,8
17575,192.114.235.164,95.32.241.109,-,-,20,0,0,1,64,0
17789,145.120.171.131,92.68.221.12,-,-,20,0,0,1,56,3
17864,164.191.23.52,47.144.204.209,-,-,20,0,0,1,56,11
17871,212.198.172.96,192.114.227.236,-,-,20,0,0,1,1492,8
17885,192.114.227.236,212.198.172.96,-,-,20,0,0,1,1492,0
17975,221.76.198.221,193.188.226.80,-,-,20,0,0,1,92,8
18119,162.172.141.19,145.120.188.58,-,-,20,0,0,1,168,11
18126,162.172.140.128,145.120.188.58,-,-,20,0,0,1,56,11
18170,216.84.17.102,193.59.116.188,-,-,20,0,0,1,92,8
18214,94.44.64.27,192.114.235.164,-,-,20,0,0,1,64,8
18229,192.114.235.164,94.44.64.27,-,-,20,0,0,1,64,0
18558,182.77.228.29,46.213.156.72,-,-,20,0,0,1,56,3
18587,164.191.23.52,221.228.115.230,-,-,20,0,0,1,56,11
19007,11.176.55.185,193.188.204.110,-,-,20,0,0,1,92,8
19481,221.192.21.3,193.188.230.54,-,-,20,0,0,1,92,8
19854,212.198.172.96,192.114.227.240,-,-,20,0,0,1,1492,8
19872,192.114.227.240,212.198.172.96,-,-,20,0,0,1,1492,0
19888,164.191.23.52,218.24.73.220,-,-,20,0,0,1,56,11
19911,44.242.168.59,192.114.235.164,-,-,20,0,0,1,64,8
19930,192.114.235.164,44.242.168.59,-,-,20,0,0,1,64,0
20063,149.198.202.137,205.214.143.93,-,-,20,0,0,1,56,3
20260,192.114.227.240,193.243.130.219,-,-,20,0,0,1,1500,0
20427,92.11.242.74,145.120.188.50,-,-,20,0,0,1,56,11
20658,92.21.111.220,145.120.188.50,-,-,20,0,0,1,56,11
20659,92.11.195.43,145.120.188.50,-,-,20,0,0,1,56,11
20663,164.191.23.52,92.122.223.44,-,-,20,0,0,1,56,11
20750,198.4.209.235,164.191.22.230,-,-,20,0,0,1,92,3
20777,161.32.88.225,43.200.232.74,-,-,20,0,0,1,56,3
21035,192.114.232.205,220.91.172.117,-,-,20,0,0,1,1500,0
21073,209.54.204.101,192.114.232.31,-,-,20,0,0,1,64,8
21092,192.114.232.31,209.54.204.101,-,-,20,0,0,1,64,0
21319,192.114.232.205,220.91.172.117,-,-,20,0,0,1,1492,0
21396,182.77.18.0,198.182.189.59,-,-,20,0,0,1,56,3
21469,192.114.232.205,220.91.172.117,-,-,20,0,0,1,1420,0
21837,198.173.143.178,192.114.235.164,-,-,20,0,0,1,84,8
21860,192.114.235.164,198.173.143.178,-,-,20,0,0,1,84,0
22023,164.66.198.147,198.210.162.77,-,-,20,0,0,1,76,3
22024,164.66.198.147,92.198.149.97,-,-,20,0,0,1,88,3
22025,164.66.198.147,92.198.149.97,-,-,20,0,0,1,88,3
22134,182.77.97.10,11.22.254.244,-,-,20,0,0,1,56,3
22280,193.244.23.205,221.169.3.28,-,-,20,0,0,1,56,3
22545,162.172.141.135,145.120.188.50,-,-,20,0,0,1,56,11
22546,162.172.138.50,145.120.188.50,-,-,20,0,0,1,168,11
22554,162.172.140.137,145.120.188.50,-,-,20,0,0,1,168,11
22588,192.114.232.205,220.91.172.117,-,-,20,0,0,1,1020,0
22765,192.114.232.205,220.91.172.117,-,-,20,0,0,1,320,0
22800,192.114.235.184,89.232.130.86,-,-,20,0,0,1,56,3
22802,192.114.232.205,220.91.172.117,-,-,20,0,0,1,84,0
23464,11.43.100.89,192.114.235.164,-,-,20,0,0,1,64,8
23484,192.114.235.164,11.43.100.89,-,-,20,0,0,1,64,0
23488,35.176.68.51,192.114.232.31,-,-,20,0,0,1,84,8
23498,145.120.171.131,218.24.73.220,-,-,20,0,0,1,56,3
23513,192.114.232.31,35.176.68.51,-,-,20,0,0,1,84,0
23648,150.4.85.128,164.66.46.64,-,-,20,0,0,1,56,3
24128,164.66.223.82,214.145.73.52,-,-,20,0,0,1,212,8
24133,164.66.223.82,198.152.34.116,-,-,20,0,0,1,212,8
24179,208.58.230.127,193.20.180.129,-,-,20,0,0,1,84,8
24259,182.0.122.62,192.17.251.249,-,-,20,0,0,1,84,0
24603,145.120.171.131,88.166.250.2,-,-,20,0,0,1,56,3
24628,164.93.164.63,92.11.240.145,-,-,20,0,0,1,64,0
24820,193.244.23.205,192.56.203.143,-,-,20,0,0,1,56,3
24835,192.114.227.236,193.243.130.219,-,-,20,0,0,1,1500,0
24938,220.168.70.185,192.114.201.6,-,-,20,0,0,1,92,8
25025,192.114.236.69,53.130.232.33,-,-,20,0,0,1,84,8
25162,164.143.133.25,104.165.119.1,-,-,20,0,0,1,60,8
25282,202.218.88.122,192.114.235.164,-,-,20,0,0,1,64,8
25303,192.114.235.164,202.218.88.122,-,-,20,0,0,1,64,0
25366,192.114.236.69,44.136.240.183,-,-,20,0,0,1,84,8
25416,212.198.172.96,192.114.227.236,-,-,20,0,0,1,1492,8
25431,192.114.227.236,212.198.172.96,-,-,20,0,0,1,1492,0
25478,196.93.191.198,192.114.235.164,-,-,20,0,0,1,84,8
25484,192.114.236.69,146.199.181.46,-,-,20,0,0,1,84,8
25499,192.114.235.164,196.93.191.198,-,-,20,0,0,1,84,0
25575,182.77.34.138,209.141.196.241,-,-,20,0,0,1,56,3
25623,164.93.164.57,92.11.240.145,-,-,20,0,0,1,64,0
26036,164.191.23.54,46.158.196.1,-,-,20,0,0,1,56,11
26093,182.77.51.91,209.83.131.71,-,-,20,0,0,1,56,3
26117,214.145.73.52,164.66.223.82,-,-,20,0,0,1,212,0
26183,164.191.23.54,33.213.36.74,-,-,20,0,0,1,56,11
26199,197.196.43.141,193.188.222.152,-,-,20,0,0,1,56,8
26651,193.188.201.161,32.165.200.159,-,-,20,0,0,1,28,0
26978,164.191.23.52,96.32.194.28,-,-,20,0,0,1,56,11
27432,44.136.240.183,192.114.236.69,-,-,20,0,0,1,84,0
27586,212.198.172.96,192.114.227.240,-,-,20,0,0,1,1492,8
27602,192.114.227.240,212.198.172.96,-,-,20,0,0,1,1492,0
28062,192.114.227.240,193.243.130.219,-,-,20,0,0,1,1500,0
28433,145.14.165.208,41.172.251.54,-,-,20,0,0,1,56,3
28451,47.200.101.115,192.114.147.215,-,-,20,16,0,1,92,8
28547,164.191.23.52,46.13.147.22,-,-,20,0,0,1,56,11
28564,145.120.179.5,33.213.36.74,-,-,20,0,0,1,56,3
28992,213.124.143.182,192.114.235.164,-,-,20,0,0,1,84,8
29122,214.25.122.91,193.188.198.218,-,-,20,0,0,1,92,8
29373,192.114.235.164,196.72.68.190,-,-,20,0,0,1,64,0
30289,164.191.23.52,220.112.161.31,-,-,20,0,0,1,56,11
30722,94.229.198.96,164.191.182.144,-,-,20,0,0,1,92,8
30796,182.77.129.37,51.249.187.88,-,-,20,0,0,1,56,3
30941,223.0.152.76,193.20.180.50,-,-,20,0,0,1,84,8
31260,164.191.23.54,94.229.198.96,-,-,20,0,0,1,56,11
31353,208.96.187.175,192.114.232.31,-,-,20,0,0,1,64,8
31385,192.114.232.31,208.96.187.175,-,-,20,0,0,1,64,0
31734,223.105.162.122,192.114.232.31,-,-,20,0,0,1,64,8
31750,192.114.232.31,223.105.162.122,-,-,20,0,0,1,64,0
32278,215.246.128.81,192.114.235.164,-,-,20,0,0,1,84,8
32299,192.114.235.164,215.246.128.81,-,-,20,0,0,1,84,0
32355,220.173.186.133,192.114.152.120,-,-,20,0,0,1,92,8
32529,221.67.34.241,193.188.193.213,-,-,20,0,0,1,92,8
32539,197.196.43.141,192.114.232.16,-,-,20,0,0,1,56,8
32541,192.114.232.16,197.196.43.141,-,-,20,0,0,1,56,0
32812,192.114.227.236,193.243.130.219,-,-,20,0,0,1,1500,0
33169,164.66.245.41,46.224.120.169,-,-,20,0,0,1,56,3
33174,95.34.173.51,145.120.109.171,-,-,20,0,0,1,40,8
33204,193.244.23.205,192.32.194.204,-,-,20,0,0,1,56,3
33270,35.176.74.30,192.114.232.31,-,-,20,0,0,1,84,8
33289,192.114.232.31,35.176.74.30,-,-,20,0,0,1,84,0
33406,192.160.33.250,182.77.233.162,-,-,20,0,0,1,56,3
33459,212.198.172.96,192.114.227.236,-,-,20,0,0,1,1492,8
33465,192.114.227.236,212.198.172.96,-,-,20,0,0,1,1492,0
33589,88.29.45.240,164.88.43.54,-,-,20,0,0,1,92,8
34180,193.244.23.205,192.56.203.65,-,-,20,0,0,1,56,3
34198,92.97.34.122,192.114.234.10,-,-,20,48,0,1,239,3
34750,208.229.59.56,192.114.232.31,-,-,20,0,0,1,64,8
34771,192.114.232.31,208.229.59.56,-,-,20,0,0,1,64,0
34832,182.77.192.102,11.24.225.247,-,-,20,0,0,1,56,3
34880,192.114.227.236,220.91.172.117,-,-,20,0,0,1,1492,0
35369,92.162.75.175,192.114.149.69,-,-,20,0,0,1,92,8
35462,184.154.75.119,192.114.232.31,-,-,20,0,0,1,84,8
35499,192.114.232.31,184.154.75.119,-,-,20,0,0,1,84,0
35679,192.114.227.236,220.91.172.117,-,-,20,0,0,1,1420,0
35725,192.114.227.236,220.91.172.117,-,-,20,0,0,1,320,0
35849,212.198.172.96,192.114.227.240,-,-,20,0,0,1,1492,8
35866,192.114.227.240,212.198.172.96,-,-,20,0,0,1,1492,0
35870,192.114.227.236,220.91.172.117,-,-,20,0,0,1,1020,0
35960,182.77.72.89,221.2.11.36,-,-,20,0,0,1,56,3
36036,192.114.227.236,220.91.172.117,-,-,20,0,0,1,84,0
36108,164.191.23.52,94.229.198.96,-,-,20,0,0,1,56,11
36333,215.29.73.107,193.59.125.146,-,-,20,0,0,1,92,8
36350,192.114.227.240,193.243.130.219,-,-,20,0,0,1,1500,0
36632,192.114.227.236,220.91.172.117,-,-,20,0,0,1,1500,0
36785,44.121.185.229,192.114.232.31,-,-,20,0,0,1,64,8
36808,192.114.232.31,44.121.185.229,-,-,20,0,0,1,64,0
36909,200.105.170.159,192.114.235.164,-,-,20,0,0,1,64,8
36926,192.114.235.164,200.105.170.159,-,-,20,0,0,1,64,0
37051,164.191.23.52,92.122.35.202,-,-,20,0,0,1,56,11
37438,213.76.0.98,145.120.40.197,-,-,20,0,0,1,92,8
37479,164.191.23.54,33.213.36.74,-,-,20,0,0,1,56,11
37776,212.169.81.215,192.114.128.47,-,-,20,0,0,1,92,8
38125,193.188.201.161,32.165.200.159,-,-,20,0,0,1,28,0
38229,192.114.234.129,193.243.130.219,-,-,20,0,0,1,56,11
38273,192.114.234.129,193.243.130.219,-,-,20,0,0,1,56,11
38687,192.114.232.43,193.243.130.219,-,-,20,0,0,1,56,11
38976,192.114.232.205,193.243.130.219,-,-,20,0,0,1,60,0
39445,192.114.234.146,213.196.183.201,-,-,20,0,0,1,56,3
40084,182.77.181.196,88.203.61.140,-,-,20,0,0,1,56,3
40168,164.191.23.54,209.141.196.241,-,-,20,0,0,1,56,11
40264,164.191.23.54,94.123.101.9,-,-,20,0,0,1,56,11
40401,208.58.230.127,193.20.180.129,-,-,20,0,0,1,84,8
40429,192.114.232.90,193.243.130.219,-,-,20,0,0,1,56,11
40520,95.32.241.109,192.114.232.31,-,-,20,0,0,1,64,8
40542,192.114.232.31,95.32.241.109,-,-,20,0,0,1,64,0
40594,149.198.202.137,205.214.143.93,-,-,20,0,0,1,56,3
40605,196.93.191.192,192.114.235.164,-,-,20,0,0,1,84,8
40624,192.114.235.164,196.93.191.192,-,-,20,0,0,1,84,0
40699,182.56.105.186,193.243.130.219,-,-,20,0,0,1,60,0
40704,192.114.232.3,192.155.189.70,-,-,20,0,0,1,56,3
40840,49.12.133.29,192.114.235.164,-,-,20,0,0,1,64,8
40860,192.114.235.164,49.12.133.29,-,-,20,0,0,1,64,0
41083,164.191.23.52,11.25.39.129,-,-,20,0,0,1,56,11
41191,215.102.161.140,192.114.235.164,-,-,20,0,0,1,84,8
41192,46.73.73.29,147.17.129.182,-,-,20,0,0,1,92,8
41200,192.114.235.164,215.102.161.140,-,-,20,0,0,1,84,0
41231,182.56.105.186,220.91.172.117,-,-,20,0,0,1,1420,0
41243,192.114.236.69,53.130.232.33,-,-,20,0,0,1,84,8
41311,164.191.23.54,93.176.98.32,-,-,20,0,0,1,56,11
41329,192.114.227.236,193.243.130.219,-,-,20,0,0,1,1500,0
41352,40.35.160.90,193.188.214.99,-,-,20,0,0,1,92,8
41464,182.77.240.85,92.68.221.12,-,-,20,0,0,1,56,3
41465,182.56.105.186,220.91.172.117,-,-,20,0,0,1,320,0
41524,164.191.23.54,104.109.200.117,-,-,20,0,0,1,56,11
41579,182.56.105.186,220.91.172.117,-,-,20,0,0,1,1500,0
41584,192.114.236.69,44.136.240.183,-,-,20,0,0,1,84,8
41672,192.114.236.69,146.199.181.46,-,-,20,0,0,1,84,8
41755,221.193.42.139,193.176.30.171,-,-,20,0,0,1,92,8
41904,212.198.172.96,192.114.227.236,-,-,20,0,0,1,1492,8
41917,192.114.227.236,212.198.172.96,-,-,20,0,0,1,1492,0
42123,193.244.23.205,192.26.243.7,-,-,20,0,0,1,56,3
42196,149.198.195.134,209.204.13.48,-,-,20,0,0,1,56,3
42422,92.11.198.90,164.143.51.168,-,-,20,0,0,1,64,8
42677,182.56.105.186,220.91.172.117,-,-,20,0,0,1,1020,0
42678,182.56.105.186,220.91.172.117,-,-,20,0,0,1,84,0
42681,182.56.105.186,220.91.172.117,-,-,20,0,0,1,1492,0
42815,150.4.85.128,164.66.46.64,-,-,20,0,0,1,56,3
42894,213.166.111.174,193.188.202.204,-,-,20,0,0,1,92,8
43220,197.201.254.152,192.114.235.164,-,-,20,0,0,1,64,8
43241,192.114.235.164,197.201.254.152,-,-,20,0,0,1,64,0
43452,44.242.168.59,192.114.232.31,-,-,20,0,0,1,64,8
43462,192.114.232.31,44.242.168.59,-,-,20,0,0,1,64,0
43594,164.66.226.234,32.176.78.207,-,-,20,0,0,1,56,11
43678,44.136.240.183,192.114.236.69,-,-,20,0,0,1,84,0
43835,164.191.23.52,221.2.11.36,-,-,20,0,0,1,56,11
44081,212.198.172.96,192.114.227.240,-,-,20,0,0,1,1492,8
44123,192.114.227.240,212.198.172.96,-,-,20,0,0,1,1492,0
44152,164.191.23.54,92.108.149.132,-,-,20,0,0,1,56,11
44173,164.191.23.54,94.123.101.9,-,-,20,0,0,1,56,11
44583,164.191.23.54,92.84.206.204,-,-,20,0,0,1,56,11
44951,192.114.227.240,193.243.130.219,-,-,20,0,0,1,1500,0
44996,193.244.23.205,92.140.114.122,-,-,20,0,0,1,56,3
45135,215.246.141.163,192.114.235.164,-,-,20,0,0,1,84,8
45164,192.114.235.164,215.246.141.163,-,-,20,0,0,1,84,0
45409,95.32.241.109,192.114.234.162,-,-,20,0,0,1,64,8
45450,193.188.201.238,216.130.17.144,-,-,20,0,0,1,56,3
45490,192.117.181.16,216.130.17.144,-,-,20,0,0,1,56,3
45493,193.188.203.197,216.130.17.144,-,-,20,0,0,1,56,3
45525,193.188.203.197,216.130.17.144,-,-,20,0,0,1,56,3
45527,193.188.203.197,216.130.17.144,-,-,20,0,0,1,56,3
45530,192.114.234.162,95.32.241.109,-,-,20,0,0,1,64,0
45623,145.14.165.208,195.141.70.183,-,-,20,0,0,1,56,3
45694,192.114.232.24,216.130.17.144,-,-,20,0,0,1,56,3
45836,164.66.53.78,182.229.176.59,-,-,20,0,0,1,112,3
45913,127.0.0.1,192.114.230.16,-,-,20,0,0,1,56,3
46648,164.191.23.54,88.203.61.140,-,-,20,0,0,1,56,11
46797,182.77.188.48,198.182.189.59,-,-,20,0,0,1,56,3
47329,215.246.144.225,192.114.232.31,-,-,20,0,0,1,84,8
47353,192.114.232.31,215.246.144.225,-,-,20,0,0,1,84,0
47528,164.143.133.25,205.37.194.103,-,-,20,0,0,1,60,8
47687,164.143.133.25,215.104.105.53,-,-,20,0,0,1,60,8
47773,182.77.212.105,218.24.73.220,-,-,20,0,0,1,56,3
47830,164.143.133.25,50.189.234.24,-,-,20,0,0,1,60,8
47876,193.188.201.161,32.165.200.159,-,-,20,0,0,1,28,0
47990,95.37.15.30,192.114.235.164,-,-,20,0,0,1,64,8
47995,44.242.168.59,192.114.234.162,-,-,20,0,0,1,64,8
48014,192.114.235.164,95.37.15.30,-,-,20,0,0,1,64,0
48119,192.114.234.162,44.242.168.59,-,-,20,0,0,1,64,0
48122,193.244.23.205,192.56.203.143,-,-,20,0,0,1,56,3
48193,160.72.3.171,46.224.114.55,-,-,20,0,0,1,88,3
48194,160.72.3.171,46.224.114.55,-,-,20,0,0,1,88,3
48255,193.244.23.205,192.122.97.133,-,-,20,0,0,1,56,3
48464,92.11.242.74,145.120.188.51,-,-,20,0,0,1,56,11
48472,92.11.195.43,145.120.188.51,-,-,20,0,0,1,56,11
48747,164.191.23.52,46.13.147.22,-,-,20,0,0,1,56,11
48889,223.0.152.76,193.20.180.50,-,-,20,0,0,1,84,8
48918,92.11.195.224,145.120.188.51,-,-,20,0,0,1,56,11
49131,202.218.88.122,192.114.232.31,-,-,20,0,0,1,64,8
49149,192.114.232.31,202.218.88.122,-,-,20,0,0,1,64,0
49286,193.188.201.148,216.130.17.144,-,-,20,0,0,1,56,3
49324,193.188.201.151,216.130.17.144,-,-,20,0,0,1,56,3
49369,193.188.201.149,216.130.17.144,-,-,20,0,0,1,576,3
49390,193.188.201.153,216.130.17.144,-,-,20,0,0,1,56,3
49393,193.188.201.145,216.130.17.144,-,-,20,0,0,1,176,3
49486,221.193.44.129,192.114.199.71,-,-,20,0,0,1,92,8
49546,145.120.171.131,221.2.11.36,-,-,20,0,0,1,56,3
49639,192.114.232.3,222.202.56.220,-,-,20,0,0,1,56,3
49730,192.114.234.146,193.25.210.239,-,-,20,0,0,1,56,3
49771,192.114.235.184,89.232.130.86,-,-,20,0,0,1,56,3
50059,212.198.172.96,192.114.227.236,-,-,20,0,0,1,1492,8
50063,192.114.227.236,212.198.172.96,-,-,20,0,0,1,1492,0
50140,193.188.201.226,216.130.17.144,-,-,20,0,0,1,576,3
50145,162.172.138.189,145.120.188.51,-,-,20,0,0,1,168,11
50311,92.11.198.90,164.143.51.168,-,-,20,0,0,1,64,8
50344,189.4.240.178,145.120.188.51,-,-,20,48,0,1,56,11
50348,189.4.248.153,145.120.188.51,-,-,20,0,0,1,56,11
50349,189.4.248.161,145.120.188.51,-,-,20,0,0,1,56,11
50351,189.4.248.161,145.120.188.51,-,-,20,0,0,1,56,11
50372,162.172.138.83,145.120.188.51,-,-,20,0,0,1,56,11
50412,193.188.201.224,216.130.17.144,-,-,20,0,0,1,176,3
50600,40.35.160.90,193.188.251.170,-,-,20,0,0,1,92,8
50640,201.133.145.38,193.188.235.58,-,-,20,0,0,1,92,8
50767,164.191.23.52,221.87.116.16,-,-,20,0,0,1,56,11
51021,40.168.43.45,192.114.218.50,-,-,20,0,0,1,92,8
51031,46.109.180.234,145.120.188.51,-,-,20,0,0,1,56,11
51088,46.109.180.27,145.120.188.51,-,-,20,0,0,1,56,11
51334,69.88.88.158,145.120.188.51,-,-,20,0,0,1,56,11
51811,193.244.23.205,192.56.203.65,-,-,20,0,0,1,56,3
51868,92.237.141.62,193.176.209.179,-,-,20,0,0,1,92,8
51986,95.98.228.16,192.114.235.164,-,-,20,0,0,1,64,8
52008,192.114.235.164,95.98.228.16,-,-,20,0,0,1,64,0
52037,193.188.201.140,216.130.17.144,-,-,20,0,0,1,56,3
52079,44.242.163.68,192.114.246.221,-,-,20,0,0,1,40,8
52140,212.198.172.96,192.114.227.240,-,-,20,0,0,1,1492,8
52160,192.114.227.240,212.198.172.96,-,-,20,0,0,1,1492,0
52168,193.188.201.138,216.130.17.144,-,-,20,0,0,1,576,3
52239,192.114.234.146,43.149.178.215,-,-,20,0,0,1,56,3
52288,164.191.23.52,89.184.126.149,-,-,20,0,0,1,56,11
52688,46.255.41.219,164.66.234.131,-,-,20,0,0,1,576,3
53045,194.210.12.178,145.120.188.51,-,-,20,0,0,1,68,3
53048,194.210.12.178,145.120.188.51,-,-,20,0,0,1,68,3
53057,194.210.3.82,145.120.188.51,-,-,20,0,0,1,56,11
53058,194.210.12.178,145.120.188.51,-,-,20,0,0,1,68,3
53064,194.210.12.178,145.120.188.51,-,-,20,0,0,1,68,3
53070,194.210.12.178,145.120.188.51,-,-,20,0,0,1,68,3
53071,194.210.12.178,145.120.188.51,-,-,20,0,0,1,68,3
53128,221.192.37.147,164.88.229.252,-,-,20,0,0,1,92,8
53287,192.114.235.3,44.246.61.36,-,-,20,0,0,1,56,3
53794,202.218.88.122,192.114.234.162,-,-,20,0,0,1,64,8
53877,192.114.234.162,202.218.88.122,-,-,20,0,0,1,64,0
54009,208.148.165.38,192.114.232.31,-,-,20,8,0,1,64,8
54033,192.114.232.31,208.148.165.38,-,-,20,0,0,1,64,0
54101,193.188.201.200,216.130.17.144,-,-,20,0,0,1,56,3
54130,164.191.23.52,218.24.73.220,-,-,20,0,0,1,56,11
54142,193.188.201.202,216.130.17.144,-,-,20,0,0,1,56,3
54190,40.132.230.251,192.114.205.181,-,-,20,0,0,1,92,8
54302,193.188.201.250,216.130.17.144,-,-,20,0,0,1,56,3
54400,164.143.133.25,44.211.117.97,-,-,20,0,0,1,60,8
54423,193.188.201.194,216.130.17.144,-,-,20,0,0,1,56,3
54441,193.188.201.195,216.130.17.144,-,-,20,0,0,1,56,3
54492,221.22.102.35,193.188.232.115,-,-,20,0,0,1,92,8
55074,92.11.242.74,193.20.177.176,-,-,20,0,0,1,56,3
55090,92.11.242.74,193.20.177.176,-,-,20,0,0,1,56,3
55092,92.11.242.74,193.20.177.176,-,-,20,0,0,1,56,3
55095,92.11.242.74,193.20.177.176,-,-,20,0,0,1,56,3
55096,92.11.242.74,193.20.177.176,-,-,20,0,0,1,56,3
55107,92.11.242.74,193.20.177.176,-,-,20,0,0,1,56,3
55108,92.11.242.74,193.20.177.176,-,-,20,0,0,1,56,3
55117,92.11.242.74,193.20.177.176,-,-,20,0,0,1,56,3
55121,92.11.242.74,193.20.177.176,-,-,20,0,0,1,56,3
55129,92.11.242.74,193.20.177.176,-,-,20,0,0,1,56,3
55156,92.11.242.74,193.20.177.176,-,-,20,0,0,1,56,3
55309,193.188.201.199,216.130.17.144,-,-,20,0,0,1,56,3
55313,150.4.85.128,164.66.46.64,-,-,20,0,0,1,56,3
55341,92.11.242.74,193.20.177.176,-,-,20,0,0,1,56,3
55614,192.114.234.146,154.68.181.40,-,-,20,0,0,1,56,3
55641,161.32.225.104,92.108.132.101,-,-,20,0,0,1,56,3
55789,192.114.234.146,193.94.189.83,-,-,20,0,0,1,56,3
55860,202.166.51.208,145.120.188.50,-,-,20,0,0,1,84,8
55996,145.120.188.50,202.166.51.208,-,-,20,0,0,1,84,0
56086,193.244.23.205,192.56.203.143,-,-,20,0,0,1,56,3
56092,193.188.201.212,216.130.17.144,-,-,20,0,0,1,56,3
56121,208.58.230.127,193.20.180.129,-,-,20,0,0,1,84,8
56125,193.188.201.212,216.130.17.144,-,-,20,0,0,1,56,3
56183,192.114.235.164,46.24.91.206,-,-,20,0,0,1,64,0
56313,45.194.178.209,193.188.250.19,-,-,20,0,0,1,92,8
56364,161.32.146.145,220.161.215.34,-,-,20,0,0,1,56,3
56447,192.114.232.31,43.24.48.140,-,-,20,0,0,1,64,0
56740,218.16.87.192,192.114.202.133,-,-,20,0,0,1,92,8
56831,192.114.235.184,89.232.130.86,-,-,20,0,0,1,56,3
56899,192.114.236.69,53.130.232.33,-,-,20,0,0,1,84,8
57241,192.160.33.250,182.77.233.162,-,-,20,0,0,1,56,3
57329,192.114.236.69,146.199.181.46,-,-,20,0,0,1,84,8
57331,192.114.236.69,44.136.240.183,-,-,20,0,0,1,84,8
57623,192.114.232.3,192.155.189.70,-,-,20,0,0,1,56,3
57908,212.198.172.96,192.114.227.236,-,-,20,0,0,1,1492,8
57918,192.114.227.236,212.198.172.96,-,-,20,0,0,1,1492,0
57967,193.188.201.161,32.165.200.159,-,-,20,0,0,1,28,0
58039,92.11.198.90,164.143.51.168,-,-,20,0,0,1,64,8
58146,164.191.23.52,49.220.222.135,-,-,20,0,0,1,56,11
58387,150.4.85.128,164.66.46.64,-,-,20,0,0,1,56,3
58681,92.11.242.73,222.76.197.150,-,-,20,48,0,1,56,11
58683,92.11.242.73,222.76.197.150,-,-,20,48,0,1,56,11
58692,92.11.242.73,222.76.197.150,-,-,20,48,0,1,56,11
58745,93.74.218.91,182.77.137.116,-,-,20,0,0,1,92,8
58988,199.99.109.219,164.66.168.5,-,-,20,16,0,1,78,8
59012,164.66.168.5,199.99.109.219,-,-,20,0,0,1,78,0
59026,149.198.202.137,205.214.143.93,-,-,20,0,0,1,56,3
59378,44.136.240.183,192.114.236.69,-,-,20,0,0,1,84,0
59458,193.244.23.205,192.122.97.133,-,-,20,0,0,1,56,3
59474,193.244.23.205,221.169.3.28,-,-,20,0,0,1,56,3
59850,212.198.172.96,192.114.227.240,-,-,20,0,0,1,1492,8
59875,89.123.94.98,192.114.201.43,-,-,20,0,0,1,92,8
59885,192.114.227.240,212.198.172.96,-,-,20,0,0,1,1492,0
60257,182.77.134.123,49.53.53.77,-,-,20,0,0,1,56,3
60659,215.246.136.54,192.114.235.164,-,-,20,0,0,1,84,8
60667,164.93.22.227,44.221.102.153,-,-,20,0,0,1,56,3
60683,192.114.235.164,215.246.136.54,-,-,20,0,0,1,84,0
60919,145.14.165.208,216.6.40.36,-,-,20,0,0,1,56,3
61149,198.4.209.235,193.188.224.94,-,-,20,0,0,1,92,3
61281,164.191.23.54,33.213.36.74,-,-,20,0,0,1,56,11
61446,161.32.2.115,11.88.148.18,-,-,20,0,0,1,76,3
62016,44.121.38.207,192.114.232.31,-,-,20,0,0,1,64,8
62040,192.114.232.31,44.121.38.207,-,-,20,0,0,1,64,0
62157,192.114.235.164,162.105.75.118,-,-,20,0,0,1,84,0
62768,164.191.23.52,47.144.204.209,-,-,20,0,0,1,56,11
63130,88.28.229.39,182.77.186.32,-,-,20,0,0,1,92,8
63495,164.66.0.236,198.210.162.77,-,-,20,0,0,1,56,3
63688,88.29.178.224,192.114.137.91,-,-,20,0,0,1,92,8
64321,92.161.32.154,193.59.120.210,-,-,20,0,0,1,92,8
64426,192.114.232.31,95.98.45.49,-,-,20,0,0,1,64,0
64715,182.77.228.29,46.213.156.72,-,-,20,0,0,1,56,3
64978,223.0.152.76,193.20.180.50,-,-,20,0,0,1,84,8
65152,92.11.198.90,164.143.51.168,-,-,20,0,0,1,64,8
65181,212.198.172.96,192.114.227.236,-,-,20,0,0,1,1492,8
65189,192.114.227.236,212.198.172.96,-,-,20,0,0,1,1492,0
65507,193.244.23.205,192.122.181.77,-,-,20,0,0,1,56,3
65717,161.32.88.224,92.18.129.90,-,-,20,0,0,1,56,3
66492,164.143.133.25,45.177.22.76,-,-,20,0,0,1,60,8
66556,49.86.2.61,192.114.235.164,-,-,20,0,0,1,84,8
66597,192.114.235.164,49.86.2.61,-,-,20,0,0,1,84,0
66877,192.114.235.164,213.208.244.247,-,-,20,0,0,1,64,0
66996,164.191.23.54,48.159.34.74,-,-,20,0,0,1,56,11
67034,212.198.172.96,192.114.227.240,-,-,20,0,0,1,1492,8
67037,117.77.226.38,193.188.237.228,-,-,20,0,0,1,92,8
67074,192.114.227.240,212.198.172.96,-,-,20,0,0,1,1492,0
67180,198.4.209.235,164.191.22.230,-,-,20,0,0,1,81,3
67573,193.188.201.161,32.165.200.159,-,-,20,0,0,1,28,0
67666,46.243.144.105,193.20.182.96,-,-,20,0,0,1,438,3
68536,164.66.198.147,92.198.149.97,-,-,20,0,0,1,88,3
68537,164.66.198.147,198.210.162.77,-,-,20,0,0,1,76,3
68538,164.66.198.147,92.198.149.97,-,-,20,0,0,1,88,3
68582,145.14.165.208,92.97.53.234,-,-,20,0,0,1,56,3
68778,192.114.235.164,43.24.48.171,-,-,20,0,0,1,64,0
69679,182.77.165.226,198.182.189.59,-,-,20,0,0,1,56,3
70457,94.7.62.193,193.20.180.152,-,-,20,0,0,1,56,3
70556,217.122.63.0,145.120.28.81,-,-,20,0,0,1,92,8
70852,164.143.133.25,44.35.98.108,-,-,20,0,0,1,60,8
70917,47.201.52.31,193.188.238.80,-,-,20,16,0,1,92,8
70942,208.58.230.127,193.20.180.129,-,-,20,0,0,1,84,8
71176,186.145.213.7,47.241.208.16,-,-,20,0,0,1,28,8
71561,192.114.236.69,53.130.232.33,-,-,20,0,0,1,84,8
71658,182.77.129.37,51.249.187.88,-,-,20,0,0,1,56,3
71769,182.77.242.116,221.2.11.36,-,-,20,0,0,1,56,3
71770,164.191.23.54,92.97.53.234,-,-,20,0,0,1,56,11
71904,164.191.23.52,167.155.105.87,-,-,20,0,0,1,56,11
72070,192.114.236.69,146.199.181.46,-,-,20,0,0,1,84,8
72074,192.114.236.69,44.136.240.183,-,-,20,0,0,1,84,8
72619,197.74.119.68,193.20.182.96,-,-,20,0,0,1,56,3
72627,92.11.198.90,164.143.51.168,-,-,20,0,0,1,64,8
72778,212.198.172.96,192.114.227.236,-,-,20,0,0,1,1492,8
72781,192.114.227.236,212.198.172.96,-,-,20,0,0,1,1492,0
72838,161.32.2.25,206.229.156.127,-,-,20,0,0,1,1028,0
72926,182.77.40.173,88.203.61.140,-,-,20,0,0,1,56,3
73074,164.191.23.54,92.178.93.211,-,-,20,0,0,1,56,11
73084,150.4.85.128,164.66.46.64,-,-,20,0,0,1,56,3
73085,150.4.85.128,164.66.46.64,-,-,20,0,0,1,56,3
73274,164.191.23.52,92.122.223.44,-,-,20,0,0,1,56,11
73326,192.114.235.164,200.105.73.112,-,-,20,0,0,1,84,0
73507,202.139.135.75,192.114.232.31,-,-,20,0,0,1,84,8
73531,192.114.232.31,202.139.135.75,-,-,20,0,0,1,84,0
73602,193.188.219.31,220.82.66.16,-,-,20,0,0,1,84,8
73706,220.82.66.16,193.188.219.31,-,-,20,0,0,1,84,0
74051,164.191.23.52,46.13.147.22,-,-,20,0,0,1,56,11
74061,49.12.133.134,192.114.235.164,-,-,20,0,0,1,64,8
74092,44.136.240.183,192.114.236.69,-,-,20,0,0,1,84,0
74095,192.114.235.164,49.12.133.134,-,-,20,0,0,1,64,0
74251,192.168.16.77,47.241.208.16,-,-,20,0,0,1,28,8
74305,182.77.197.57,92.68.221.12,-,-,20,0,0,1,56,3
74823,212.198.172.96,192.114.227.240,-,-,20,0,0,1,1492,8
74852,192.114.227.240,212.198.172.96,-,-,20,0,0,1,1492,0
75353,95.37.15.30,192.114.232.31,-,-,20,0,0,1,64,8
75385,192.114.232.31,95.37.15.30,-,-,20,0,0,1,64,0
75585,41.133.111.105,192.114.193.157,-,-,20,0,0,1,92,8
75883,164.191.23.52,11.25.39.129,-,-,20,0,0,1,56,11
76033,164.66.53.78,182.229.176.59,-,-,20,0,0,1,112,3
76339,40.168.43.45,193.188.200.180,-,-,20,0,0,1,92,8
76376,192.117.181.16,40.168.43.45,-,-,20,0,0,1,56,3
76854,193.82.44.176,193.188.219.31,-,-,20,48,0,1,68,3
76855,193.82.44.176,193.188.219.31,-,-,20,48,0,1,72,3
76932,199.99.109.216,192.114.237.209,-,-,20,0,0,1,78,8
76961,192.114.237.209,199.99.109.216,-,-,20,0,0,1,78,0
76976,216.137.161.161,193.188.200.34,-,-,20,0,0,1,92,8
77118,209.4.157.196,193.188.222.64,-,-,20,0,0,1,84,8
77355,193.188.201.161,32.165.200.159,-,-,20,0,0,1,28,0
78103,193.42.180.159,192.114.232.31,-,-,20,0,0,1,84,8
78124,192.114.232.31,193.42.180.159,-,-,20,0,0,1,84,0
78187,11.43.225.125,193.176.204.151,-,-,20,0,0,1,92,8
78950,164.84.59.159,201.6.102.74,-,-,20,0,0,1,56,3
78972,182.77.56.70,11.20.106.144,-,-,20,0,0,1,56,3
79461,164.191.23.52,221.2.11.36,-,-,20,0,0,1,56,11
79487,193.244.23.205,192.32.194.204,-,-,20,0,0,1,56,3
79676,149.198.203.106,33.213.36.74,-,-,20,0,0,1,56,11
79778,150.4.85.128,164.66.46.64,-,-,20,0,0,1,56,3
80098,192.160.33.250,182.77.233.162,-,-,20,0,0,1,56,3
80464,192.114.235.164,43.25.24.76,-,-,20,0,0,1,64,0
81259,212.198.172.96,192.114.227.236,-,-,20,0,0,1,1492,8
81268,192.114.227.236,212.198.172.96,-,-,20,0,0,1,1492,0
81717,223.0.152.76,193.20.180.50,-,-,20,0,0,1,84,8
82035,197.196.43.141,193.188.222.152,-,-,20,0,0,1,56,8
82189,95.37.15.30,192.114.234.162,-,-,20,0,0,1,64,8
82252,92.11.242.74,145.120.188.58,-,-,20,0,0,1,56,11
82253,92.11.195.224,145.120.188.58,-,-,20,0,0,1,56,11
82255,92.11.195.43,145.120.188.58,-,-,20,0,0,1,56,11
82297,192.114.235.164,162.102.31.223,-,-,20,0,0,1,84,0
82359,192.114.234.162,95.37.15.30,-,-,20,0,0,1,64,0
82755,182.77.138.58,218.24.73.220,-,-,20,0,0,1,56,3
82798,164.191.23.52,94.229.198.96,-,-,20,0,0,1,56,11
82836,149.198.202.137,205.214.143.93,-,-,20,0,0,1,56,3
83236,164.143.133.25,201.122.93.128,-,-,20,0,0,1,60,8
83314,198.4.209.235,193.188.224.67,-,-,20,0,0,1,92,3
83498,212.198.172.96,192.114.227.240,-,-,20,0,0,1,1492,8
83500,193.188.204.111,92.122.223.44,-,-,20,0,0,1,56,3
83515,192.114.227.240,212.198.172.96,-,-,20,0,0,1,1492,0
83691,192.114.232.31,184.154.104.114,-,-,20,0,0,1,84,0
83766,164.191.23.52,92.110.84.47,-,-,20,0,0,1,56,11
83865,162.172.138.189,145.120.188.58,-,-,20,0,0,1,168,11
83999,95.16.97.95,192.114.232.31,-,-,20,0,0,1,64,8
84028,192.114.232.31,95.16.97.95,-,-,20,0,0,1,64,0
84144,162.172.138.83,145.120.188.58,-,-,20,0,0,1,56,11
84186,193.76.86.15,164.143.51.169,-,-,20,0,0,1,113,3
84615,192.114.235.189,192.128.48.160,-,-,20,0,0,1,56,3
84617,192.114.235.189,192.128.48.160,-,-,20,0,0,1,56,3
84692,95.18.156.62,192.114.156.234,-,-,20,0,0,1,92,8
84701,93.74.218.91,192.114.140.103,-,-,20,0,0,1,92,8
84973,193.244.23.205,92.140.114.122,-,-,20,0,0,1,56,3
85023,164.191.23.52,48.159.34.74,-,-,20,0,0,1,56,11
85145,164.191.23.54,223.169.136.243,-,-,20,0,0,1,56,11
85224,161.32.242.17,218.12.58.190,-,-,20,0,0,1,56,3
85489,201.41.105.88,95.44.9.201,-,-,20,0,0,1,56,11
86500,182.77.171.52,92.97.53.234,-,-,20,0,0,1,56,3
86546,150.4.85.128,164.66.46.64,-,-,20,0,0,1,56,3
86787,221.240.233.192,192.114.173.139,-,-,20,0,0,1,92,8
87057,164.191.23.52,92.122.35.202,-,-,20,0,0,1,56,11
87074,182.77.170.109,167.155.105.87,-,-,20,0,0,1,56,3
87336,193.188.201.161,32.165.200.159,-,-,20,0,0,1,28,0
87364,208.58.230.127,193.20.180.129,-,-,20,0,0,1,84,8
87530,192.114.232.24,212.96.242.52,-,-,20,0,0,1,56,3
87660,192.114.236.69,53.130.232.33,-,-,20,0,0,1,84,8
87931,213.124.143.182,192.114.232.31,-,-,20,0,0,1,84,8
88108,164.191.23.54,94.123.101.9,-,-,20,0,0,1,56,11
88216,192.114.236.69,146.199.181.46,-,-,20,0,0,1,84,8
88252,192.114.236.69,44.136.240.183,-,-,20,0,0,1,84,8
88259,149.198.203.108,45.171.161.20,-,-,20,0,0,1,56,11
88309,193.244.23.205,192.26.243.7,-,-,20,0,0,1,56,3
88329,197.196.43.141,192.114.232.16,-,-,20,0,0,1,56,8
88335,192.114.232.16,197.196.43.141,-,-,20,0,0,1,56,0
88563,192.114.232.16,95.44.9.201,-,-,20,48,0,1,56,11
88944,149.198.203.108,42.182.127.224,-,-,20,0,0,1,56,11
89118,193.244.23.205,92.140.114.122,-,-,20,0,0,1,56,3
89163,161.32.2.25,206.229.156.127,-,-,20,0,0,1,1028,0
89217,212.198.172.96,192.114.227.236,-,-,20,0,0,1,1492,8
89225,192.114.234.162,47.149.28.150,-,-,20,0,0,1,92,0
89227,192.114.227.236,212.198.172.96,-,-,20,0,0,1,1492,0
89233,150.4.85.128,164.66.46.64,-,-,20,0,0,1,56,3
89238,164.191.23.54,94.123.101.9,-,-,20,0,0,1,56,11
89384,192.114.238.225,43.53.34.76,-,-,20,0,0,1,56,3
89408,218.236.4.214,193.188.227.98,-,-,20,0,0,1,92,8
90267,44.136.240.183,192.114.236.69,-,-,20,0,0,1,84,0
90284,193.244.23.205,192.56.203.143,-,-,20,0,0,1,56,3
90401,92.237.141.62,145.120.66.112,-,-,20,0,0,1,92,8
91315,212.198.172.96,192.114.227.240,-,-,20,0,0,1,1492,8
91342,192.114.227.240,212.198.172.96,-,-,20,0,0,1,1492,0
91660,192.114.235.164,44.44.42.163,-,-,20,0,0,1,84,0
92249,192.108.119.243,192.114.140.189,-,-,20,0,0,1,84,8
93166,49.86.8.60,192.114.235.164,-,-,20,0,0,1,64,8
93177,193.78.46.231,193.20.182.96,-,-,20,48,0,1,276,3
93183,192.114.235.164,49.86.8.60,-,-,20,0,0,1,64,0
93397,164.66.0.236,220.178.180.188,-,-,20,0,0,1,56,3
93398,164.66.0.236,218.12.58.190,-,-,20,0,0,1,56,3
93426,221.240.233.192,193.59.122.8,-,-,20,0,0,1,92,8
94030,221.66.197.91,193.188.222.144,-,-,20,0,0,1,92,8
94086,192.114.239.48,196.0.156.7,-,-,20,0,0,1,56,3
94667,192.114.234.146,89.110.142.239,-,-,20,0,0,1,56,3
95111,47.173.7.66,192.114.146.90,-,-,20,0,0,1,92,8
96156,161.32.171.13,35.3.244.80,-,-,20,0,0,1,56,3
96280,164.66.218.152,192.17.194.1,-,-,20,0,0,1,56,3
96388,164.191.23.52,46.13.147.22,-,-,20,0,0,1,56,11
96476,164.191.23.52,221.228.115.230,-,-,20,0,0,1,56,11
96797,164.93.229.20,33.213.36.74,-,-,20,0,0,1,56,3
96933,164.66.245.41,48.173.128.34,-,-,20,0,0,1,56,3
96978,193.188.201.161,32.165.200.159,-,-,20,0,0,1,28,0
97158,92.11.242.74,145.120.188.51,-,-,20,0,0,1,56,11
97164,92.21.111.165,145.120.188.51,-,-,20,0,0,1,56,11
97426,92.11.195.194,145.120.188.51,-,-,20,0,0,1,56,11
97743,193.119.45.167,193.20.180.68,-,-,20,0,0,1,1044,8
97774,212.198.172.96,192.114.227.236,-,-,20,0,0,1,1492,8
97793,192.114.227.236,212.198.172.96,-,-,20,0,0,1,1492,0
98178,160.72.3.171,46.224.114.55,-,-,20,0,0,1,88,3
98353,218.220.45.106,192.114.241.178,-,-,20,0,0,1,92,8
98750,162.172.141.19,145.120.188.51,-,-,20,0,0,1,168,11
98769,162.172.140.128,145.120.188.51,-,-,20,0,0,1,56,11
99058,223.0.152.76,193.20.180.50,-,-,20,0,0,1,84,8
99454,216.198.249.206,193.188.254.51,-,-,20,0,0,1,92,8
99625,212.198.172.96,192.114.227.240,-,-,20,0,0,1,1492,8
99636,192.114.227.240,212.198.172.96,-,-,20,0,0,1,1492,0
99892,192.114.232.3,222.202.56.220,-,-,20,0,0,1,56,3
