Packet Number,Source IP,Destination IP,Source Port,Destination Port,Flow Label,Traffic Class,Next Header,Packet Length,TCP-Reserved,TCP-CWR,TCP-ECE,TCP-Timestamp_Value
2831,2002:90f3:2860::53df:6d54,2001:34ca:bb:9e:8c13:28ff:c953:b2c5,1084,80,0,0,6,60+20,0,False,False,-
5269,2002:90f3:2860::53df:6d54,2001:34ca:bb:9e:8c13:28ff:c953:b2c5,1084,80,0,0,6,60+20,0,False,False,-
5270,2002:90f3:2860::53df:6d54,2001:34ca:bb:9e:8c13:28ff:c953:b2c5,1084,80,0,0,6,60+20,0,False,False,-
5272,2002:90f3:2860::53df:6d54,2001:34ca:bb:9e:8c13:28ff:c953:b2c5,1084,80,0,0,6,60+20,0,False,False,-
7058,2002:90f3:2860::53df:6d54,2001:34ca:bb:9e:8c13:28ff:c953:b2c5,1084,80,0,0,6,60+20,0,False,False,-
11711,2001:3951:6a7d:c1:521e:2d7f:8bd:ced0,2001:3c00:5846:1a2a::f00:d488,1259,6667,0,0,6,60+85,0,False,False,-
11857,2001:3c00:5846:1a2a::f00:d488,2001:3951:6a7d:c1:521e:2d7f:8bd:ced0,6667,1259,256161,0,6,60+118,0,False,False,-
12051,2001:3da6:613c:7000::bea9,2001:3c00:5846:1a2a::f00:d488,63980,6667,936823,0,6,72+123,0,False,False,"280930122, 2115505606"
12334,2001:3daa:4d00::298c,2001:3c00:5846:1a2a::f00:d488,43959,6667,0,0,6,80+40,0,False,False,"266682230, 0"
19773,2001:34eb:ff:f112::39f:2c,2001:3c00:5846:bd74:f381:68ff:8990:3b19,4644,80,0,0,6,80+40,0,False,False,"202756699, 0"
19782,2001:3c00:5846:bd74:f381:68ff:8990:3b19,2001:34eb:ff:f112::39f:2c,80,4644,955572,1,6,82+44,0,False,False,"476625077, 202756699"
20104,2001:3951:6a7d:c1:521e:2d7f:8bd:ced0,2001:3c00:5846:1a2a::f00:d488,1259,6667,0,0,6,60+20,0,False,False,-
20188,2001:3951:7400:ead3::e5,2001:3c00:5846:1a2a::f00:d488,32782,6667,0,0,6,72+57,0,False,False,"256214894, 2115505313"
21679,2001:3da6:613c:7000::a68f,2001:3c00:5846:1a2a::f00:d488,65528,6667,746972,0,6,72+32,0,False,False,"2287413, 2115505847"
21724,2001:3c00:5846:1a2a::f00:d488,2001:3951:7400:ead3::e5,6667,32782,251187,0,6,72+32,0,False,False,"2115505867, 256214894"
22437,2001:3c00:5846:1a2a::f00:d488,2001:3951:7400:ead3::e5,6667,32782,251187,0,6,72+88,0,False,False,"2115505872, 256214894"
24280,2001:2b01:ffbd:26::87,2001:3c00:5846:1a2a::f00:d488,54791,6667,0,0,6,72+47,0,False,False,"1251884486, 2115505356"
24876,2001:3da6:613c:7000::a68f,2001:3c00:5846:1a2a::f00:d488,65528,6667,746972,0,6,72+32,0,False,False,"2287413, 2115505867"
24913,2001:34eb:ff:f112::39f:2c,2001:3c00:5846:bd74:f381:68ff:8990:3b19,4644,80,0,0,6,72+32,0,False,False,"202756786, 476625077"
25077,2001:34eb:ff:f112::39f:2c,2001:3c00:5846:bd74:f381:68ff:8990:3b19,4644,80,0,0,6,72+213,0,False,False,"202756786, 476625077"
25876,2001:3c00:5846:1a2a::f00:d488,2001:2b01:ffbd:26::87,6667,54791,247972,0,6,72+32,0,False,False,"2115505894, 1251884486"
26601,2001:3c00:5846:bd74:f381:68ff:8990:3b19,2001:34eb:ff:f112::39f:2c,80,4644,955572,0,6,72+32,0,False,False,"476625533, 202756786"
28179,2001:3951:7400:ead3::e5,2001:3c00:5846:1a2a::f00:d488,32782,6667,0,0,6,72+32,0,False,False,"256215421, 2115505872"
30840,2001:2b01:ffb9:6491:a6c8:e228:ef:92,2001:3c00:5846:1a2a::f00:d488,48063,6667,0,0,6,80+40,0,False,False,"1251884908, 0"
30998,2001:3c00:5846:1a2a::f00:d488,2001:2b01:ffb9:6491:a6c8:e228:ef:92,6667,48063,358259,2,6,80+40,0,False,False,"2115505926, 1251884908"
31015,2001:3c00:5846:1a2a::f00:d488,2001:2b01:ffbd:26::87,6667,54791,247972,0,6,72+79,0,False,False,"2115505927, 1251884486"
31267,2001:3c00:5846:bd74:f381:68ff:8990:3b19,2001:34eb:ff:f112::39f:2c,80,4644,955572,0,6,72+1440,0,False,False,"476625828, 202756786"
31270,2001:3c00:5846:bd74:f381:68ff:8990:3b19,2001:34eb:ff:f112::39f:2c,80,4644,955572,0,6,72+1440,0,False,False,"476625828, 202756786"
33782,2001:3951:6a7d:c1:521e:2d7f:8bd:ced0,2001:3c00:5846:1a2a::f00:d488,1259,6667,0,0,6,60+85,0,False,False,-
33918,2001:3c14:59c6:7a00::4e,2001:3c14:59c6:7a00::4c,2305,179,0,192,6,80+59,0,False,False,-
35559,2001:3c00:5846:1a2a::f00:d488,2001:3951:6a7d:c1:521e:2d7f:8bd:ced0,6667,1259,256161,0,6,60+20,0,False,False,-
35712,2001:2b01:ffb9:6491:a6c8:e228:ef:92,2001:3c00:5846:1a2a::f00:d488,48063,6667,0,0,6,72+32,0,False,False,"1251885197, 2115505926"
35745,2001:2b01:ffb9:6491:a6c8:e228:ef:92,2001:3c00:5846:1a2a::f00:d488,48063,6667,0,0,6,72+44,0,False,False,"1251885197, 2115505926"
35780,2001:2b01:ffbd:26::87,2001:3c00:5846:1a2a::f00:d488,54791,6667,0,0,6,72+32,0,False,False,"1251885197, 2115505927"
35834,2001:3c00:5846:1a2a::f00:d488,2001:2b01:ffb9:6491:a6c8:e228:ef:92,1600,113,0,0,6,80+40,0,False,False,"2115505955, 0"
35846,2001:3c00:5846:1a2a::f00:d488,2001:3951:6a7d:c1:521e:2d7f:8bd:ced0,6667,1259,256161,0,6,60+118,0,False,False,-
35847,2001:3c00:5846:1a2a::f00:d488,2001:2b01:ffb9:6491:a6c8:e228:ef:92,6667,48063,256871,0,6,72+108,0,False,False,"2115505956, 1251885197"
35848,2001:3c00:5846:1a2a::f00:d488,2001:28d3:ff92::90,6667,32988,255126,0,6,72+60,0,False,False,"2115505956, 11438533"
35851,2001:3c00:5846:1a2a::f00:d488,2002:d3b2:d42f::9,6667,58360,245760,0,6,72+60,0,False,False,"2115505956, 2051291161"
35852,2001:3c00:5846:1a2a::f00:d488,2002:d26e:5777::bd,6667,63276,255463,0,6,60+48,0,False,False,-
35982,2001:3da6:6142::e,2001:3c00:5846:1a2a::f00:d488,59975,6667,106094,0,6,72+60,0,False,False,"103754015, 2115505956"
36186,2001:3da6:61bc:0:79aa:46ff:8cf8:cb39,2001:3c00:5846:1a2a::f00:d488,16560,6667,586946,0,6,72+60,0,False,False,"1285921341, 2115505956"
36187,2001:3c14:6780:dd00::72,2001:3c00:5846:1a2a::f00:d488,57848,6667,863764,0,6,72+60,0,False,False,"912319480, 2115505956"
36648,2001:3c14:67d5:0:c6cd:3eff:1000:1c97,2001:3c00:5846:1a2a::f00:d488,38827,6667,0,0,6,60+20,0,False,False,-
37035,2001:3c14:59c6:7a00::4c,2001:3c14:59c6:7a00::4e,179,2305,0,192,6,80+40,0,False,False,-
37166,2001:34eb:ff:f112::39f:2c,2001:3c00:5846:bd74:f381:68ff:8990:3b19,4644,80,0,0,6,72+32,0,False,False,"202756978, 476625828"
37179,2001:3c00:5846:bd74:f381:68ff:8990:3b19,2001:34eb:ff:f112::39f:2c,80,4644,955572,0,6,72+213,0,False,False,"476626192, 202756978"
37289,2001:34eb:ff:f112::39f:2c,2001:3c00:5846:bd74:f381:68ff:8990:3b19,4644,80,0,0,6,72+32,0,False,False,"202756979, 476625828"
37361,2001:3c14:67d5:0:c6cd:3eff:1000:1c97,2001:3c00:5846:1a2a::f00:d488,38827,6667,0,0,6,60+48,0,False,False,-
37366,2001:3c00:5846:1a2a::f00:d488,2001:2b01:ffb9:6491:a6c8:e228:ef:92,6667,48063,256871,0,6,72+32,0,False,False,"2115505966, 1251885197"
38384,2001:3c14:6780:dd00::72,2001:3c00:5846:1a2a::f00:d488,57848,6667,863764,0,6,72+60,0,False,False,"912319600, 2115505969"
40516,2001:2b01:ffb9:6491:a6c8:e228:ef:92,2001:3c00:5846:1a2a::f00:d488,113,1600,0,0,6,80+40,0,False,False,"1251885486, 2115505955"
40531,2001:2b01:ffb9:6491:a6c8:e228:ef:92,2001:3c00:5846:1a2a::f00:d488,48063,6667,0,0,6,72+32,0,False,False,"1251885487, 2115505956"
40553,2001:38d8:2000:6314::d,2001:385a:49a8:cc2d:652e:b9aa:55c5:eb08,52081,6667,0,0,6,72+44,0,False,False,"160842162, 1164827971"
40620,2001:3c00:5846:1a2a::f00:d488,2001:2b01:ffb9:6491:a6c8:e228:ef:92,1600,113,0,0,6,72+32,0,False,False,"2115505984, 1251885486"
40622,2001:3c00:5846:1a2a::f00:d488,2001:2b01:ffb9:6491:a6c8:e228:ef:92,1600,113,0,0,6,72+46,0,False,False,"2115505984, 1251885486"
40680,2001:3a50:a892::5,2001:3c00:5846:1a2a::f00:d488,49698,6667,0,0,6,60+20,0,False,False,-
40683,2001:3a50:a892::5,2001:3c00:5846:1a2a::f00:d488,49698,6667,0,0,6,60+47,0,False,False,-
41945,2001:28d3:ff92::90,2001:3c00:5846:1a2a::f00:d488,32988,6667,0,0,6,72+32,0,False,False,"11448529, 2115505956"
42021,2001:28d3:ff92::90,2001:3c00:5846:1a2a::f00:d488,32988,6667,0,0,6,72+60,0,False,False,"11448529, 2115505956"
42101,2001:2b01:ffb9:6491:a6c8:e228:ef:92,2001:3c00:5846:1a2a::f00:d488,48063,6667,0,0,6,72+61,0,False,False,"1251885587, 2115505966"
42968,2001:3da6:613c:7000::bea9,2001:3c00:5846:1a2a::f00:d488,63980,6667,936823,0,6,72+144,0,False,False,"280930320, 2115505811"
43071,2001:34eb:ff:f112::39f:2c,2001:3c00:5846:bd74:f381:68ff:8990:3b19,4644,80,0,0,6,72+32,0,False,False,"202757065, 476626192"
43121,2001:34eb:ff:f112::39f:2c,2001:3c00:5846:bd74:f381:68ff:8990:3b19,4644,80,0,0,6,72+32,0,False,False,"202757066, 476626192"
43139,2001:3c00:5846:bd74:f381:68ff:8990:3b19,2001:34eb:ff:f112::39f:2c,80,4644,955572,0,6,72+32,0,False,False,"476626544, 202757066"
43140,2001:3c00:5846:bd74:f381:68ff:8990:3b19,2001:34eb:ff:f112::39f:2c,80,4644,955572,0,6,72+32,0,False,False,"476626544, 202757066"
43639,2001:3c00:5846:1a2a::f00:d488,2001:28d3:ff92::90,6667,32988,255126,0,6,72+32,0,False,False,"2115506004, 11448529"
43641,2001:3c00:5846:1a2a::f00:d488,2001:2b01:ffb9:6491:a6c8:e228:ef:92,6667,48063,256871,0,6,72+32,0,False,False,"2115506004, 1251885587"
43769,2001:3c00:5846:1a2a::f00:d488,2002:d26e:5777::bd,6667,63276,255463,0,6,60+20,0,False,False,-
43805,2002:d3b2:d42f::9,2001:3c00:5846:1a2a::f00:d488,58360,6667,0,0,6,72+60,0,False,False,"2051301098, 2115505956"
44185,2001:3daa:4d00::298c,2001:3c00:5846:1a2a::f00:d488,43954,6667,0,0,6,80+40,0,False,False,"266682435, 0"
45212,2001:2b01:ffb9:6491:a6c8:e228:ef:92,2001:3c00:5846:1a2a::f00:d488,113,1600,0,0,6,72+32,0,False,False,"1251885775, 2115505984"
45294,2001:2b01:ffb9:6491:a6c8:e228:ef:92,2001:3c00:5846:1a2a::f00:d488,113,1600,0,0,6,72+68,0,False,False,"1251885778, 2115505984"
45316,2001:2b01:ffb9:6491:a6c8:e228:ef:92,2001:3c00:5846:1a2a::f00:d488,113,1600,0,0,6,72+32,0,False,False,"1251885778, 2115505984"
45428,2001:3c00:5846:1a2a::f00:d488,2001:2b01:ffb9:6491:a6c8:e228:ef:92,1600,113,0,0,6,72+32,0,False,False,"2115506014, 1251885778"
45440,2001:3c00:5846:1a2a::f00:d488,2001:2b01:ffb9:6491:a6c8:e228:ef:92,6667,48063,256871,0,6,72+125,0,False,False,"2115506014, 1251885587"
45441,2001:3c00:5846:1a2a::f00:d488,2001:2b01:ffb9:6491:a6c8:e228:ef:92,6667,48063,256871,0,6,72+32,0,False,False,"2115506014, 1251885587"
45445,2001:3c00:5846:1a2a::f00:d488,2002:d26e:5777::bd,6667,63276,255463,0,6,60+96,0,False,False,-
45448,2001:3c00:5846:1a2a::f00:d488,2001:2b01:ffb9:6491:a6c8:e228:ef:92,1600,113,0,0,6,72+32,0,False,False,"2115506014, 1251885778"
45754,2001:3c00:5846:1a2a::f00:d488,2002:d3b2:d42f::9,6667,58360,245760,0,6,72+32,0,False,False,"2115506016, 2051301098"
46278,2001:3951:6a7d:c1:521e:2d7f:8bd:ced0,2001:3c00:5846:1a2a::f00:d488,1259,6667,0,0,6,60+20,0,False,False,-
48573,2001:3da6:613c:7000::a68f,2001:3c00:5846:1a2a::f00:d488,65528,6667,746972,0,6,72+32,0,False,False,"2287416, 2115506014"
48611,2001:34eb:ff:f112::39f:2c,2001:3c00:5846:bd74:f381:68ff:8990:3b19,4644,80,0,0,6,72+32,0,False,False,"202757153, 476626544"
48900,2001:38d8:2000:6314::d,2001:385a:49a8:cc2d:652e:b9aa:55c5:eb08,52081,6667,0,0,6,72+32,0,False,False,"160842215, 1164829084"
49117,2001:3c00:5846:1a2a::f00:d488,2002:d26e:5777::bd,6667,63276,255463,0,6,60+20,0,False,False,-
49545,2001:3967:52ee:c5:d66a:2aff:ec68:7610,2001:3c00:5d52:1e:9984:23ff:65e2:d71e,51949,80,0,0,6,80+40,0,False,False,"948297234, 0"
49617,2001:28d3:ff92::90,2001:3c00:5846:1a2a::f00:d488,32988,6667,0,0,6,72+75,0,False,False,"11448577, 2115506004"
49766,2001:2b01:ffb9:6491:a6c8:e228:ef:92,2001:3c00:5846:1a2a::f00:d488,113,1600,0,0,6,72+32,0,False,False,"1251886067, 2115506014"
49778,2001:2b01:ffb9:6491:a6c8:e228:ef:92,2001:3c00:5846:1a2a::f00:d488,48063,6667,0,0,6,72+32,0,False,False,"1251886068, 2115506014"
49794,2001:2b01:ffb9:6491:a6c8:e228:ef:92,2001:3c00:5846:1a2a::f00:d488,48063,6667,0,0,6,72+32,0,False,False,"1251886069, 2115506014"
49940,2002:90f3:2860::53df:6d54,2001:34ca:bb:9e:8c13:28ff:c953:b2c5,1085,80,0,0,6,64+24,0,False,False,-
49948,2001:3c00:5846:1a2a::f00:d488,2001:2b01:ffb9:6491:a6c8:e228:ef:92,6667,48063,256871,0,6,72+32,0,False,False,"2115506043, 1251886069"
51238,2001:3c00:5846:1a2a::f00:d488,2001:28d3:ff92::90,6667,32988,255126,0,6,72+32,0,False,False,"2115506052, 11448577"
53241,2002:d3b2:d42f::9,2001:3c00:5846:1a2a::f00:d488,58360,6667,0,0,6,72+60,0,False,False,"2051301158, 2115506016"
53933,2001:3967:52ee:c5:d66a:2aff:ec68:7610,2001:3c00:5d52:1e:9984:23ff:65e2:d71e,51949,80,0,0,6,72+32,0,False,False,"948297305, 95556138"
53934,2001:3967:52ee:c5:d66a:2aff:ec68:7610,2001:3c00:5d52:1e:9984:23ff:65e2:d71e,51949,80,0,0,6,72+185,0,False,False,"948297305, 95556138"
54731,2001:3c00:5846:1a2a::f00:d488,2002:d3b2:d42f::9,6667,58360,245760,0,6,72+32,0,False,False,"2115506075, 2051301158"
55363,2002:90f3:2860::53df:6d54,2001:34ca:bb:9e:8c13:28ff:c953:b2c5,1085,80,0,0,6,60+20,0,False,False,-
55394,2002:90f3:2860::53df:6d54,2001:34ca:bb:9e:8c13:28ff:c953:b2c5,1085,80,0,0,6,60+576,0,False,False,-
55856,2002:305a:446f::370f:1b30,2001:34ca:bb:9e:8c13:28ff:c953:b2c5,1203,80,0,0,6,64+24,0,False,False,-
58644,2001:3967:52ee:c5:d66a:2aff:ec68:7610,2001:3c00:5d52:1e:9984:23ff:65e2:d71e,51949,80,0,0,6,72+32,0,False,False,"948297382, 95556169"
58682,2001:3967:52ee:c5:d66a:2aff:ec68:7610,2001:3c00:5d52:1e:9984:23ff:65e2:d71e,51949,80,0,0,6,72+32,0,False,False,"948297383, 95556169"
61213,2002:305a:446f::370f:1b30,2001:34ca:bb:9e:8c13:28ff:c953:b2c5,1203,80,0,0,6,60+20,0,False,False,-
61243,2002:305a:446f::370f:1b30,2001:34ca:bb:9e:8c13:28ff:c953:b2c5,1203,80,0,0,6,60+589,0,False,False,-
65669,2002:90f3:2860::53df:6d54,2001:34ca:bb:9e:8c13:28ff:c953:b2c5,1085,80,0,0,6,60+20,0,False,False,-
70767,2001:3b46:3e98:49::9f,2001:34ca:b9:4c3f:b2e8:29ff:fbe4:c2e6,179,41460,0,0,6,60+93,0,False,False,-
70952,2002:90f3:2860::53df:6d54,2001:34ca:bb:9e:8c13:28ff:c953:b2c5,1085,80,0,0,6,60+20,0,False,False,-
73240,2002:90f3:2860::53df:6d54,2001:34ca:bb:9e:8c13:28ff:c953:b2c5,1085,80,0,0,6,60+20,0,False,False,-
73248,2001:3da6:613c:7000::bea9,2001:3c00:5846:1a2a::f00:d488,63980,6667,936823,0,6,72+118,0,False,False,"280930521, 2115506009"
73467,2001:3951:6a7d:c1:521e:2d7f:8bd:ced0,2001:3c00:5846:1a2a::f00:d488,1259,6667,0,0,6,60+85,0,False,False,-
74911,2001:3b46:3e98:49::9f,2001:34ca:b9:4c3f:b2e8:29ff:fbe4:c2e6,179,41460,0,0,6,60+86,0,False,False,-
75145,2001:3c00:5846:1a2a::f00:d488,2001:3951:6a7d:c1:521e:2d7f:8bd:ced0,6667,1259,256161,0,6,60+20,0,False,False,-
76492,2001:3da6:613c:7000::a68f,2001:3c00:5846:1a2a::f00:d488,65528,6667,746972,0,6,72+32,0,False,False,"2287420, 2115506200"
76629,2002:90f3:2860::53df:6d54,2001:34ca:bb:9e:8c13:28ff:c953:b2c5,1085,80,0,0,6,60+20,0,False,False,-
76634,2002:90f3:2860::53df:6d54,2001:34ca:bb:9e:8c13:28ff:c953:b2c5,1085,80,0,0,6,60+20,0,False,False,-
76638,2002:90f3:2860::53df:6d54,2001:34ca:bb:9e:8c13:28ff:c953:b2c5,1085,80,0,0,6,60+20,0,False,False,-
76759,2002:90f3:2860::53df:6d54,2001:34ca:bb:9e:8c13:28ff:c953:b2c5,1085,80,0,0,6,60+20,0,False,False,-
78760,2001:3c00:5846:1a2a::f00:d488,2001:3951:6a7d:c1:521e:2d7f:8bd:ced0,6667,1259,256161,0,6,60+118,0,False,False,-
87717,2001:3951:7400:ead3::e5,2001:3c00:5846:1a2a::f00:d488,32782,6667,0,0,6,72+45,0,False,False,"256219216, 2115505872"
88433,2001:3951:6a7d:c1:521e:2d7f:8bd:ced0,2001:3c00:5846:1a2a::f00:d488,1259,6667,0,0,6,60+20,0,False,False,-
89119,2001:28d3:ff92::91,2001:3c00:5846:1a2a::f00:d488,33012,6667,0,0,6,72+59,0,False,False,"11448834, 2115505314"
89260,2002:90f3:4c0e::8995:b250,2001:34ca:bb:9e:8c13:28ff:c953:b2c5,1085,80,0,0,6,64+24,0,False,False,-
89353,2001:3c00:5846:1a2a::f00:d488,2001:3951:7400:ead3::e5,6667,32782,251187,0,6,72+32,0,False,False,"2115506300, 256219216"
90632,2001:3c00:5846:1a2a::f00:d488,2001:28d3:ff92::91,6667,33012,255469,0,6,72+32,0,False,False,"2115506308, 11448834"
93465,2001:3c00:5846:1a2a::f00:d488,2001:28d3:ff92::91,6667,33012,255469,0,6,72+103,0,False,False,"2115506324, 11448834"
93466,2001:3c00:5846:1a2a::f00:d488,2001:3951:7400:ead3::e5,6667,32782,251187,0,6,72+105,0,False,False,"2115506324, 256219216"
95386,2002:90f3:4c0e::8995:b250,2001:34ca:bb:9e:8c13:28ff:c953:b2c5,1085,80,0,0,6,60+20,0,False,False,-
95402,2002:90f3:4c0e::8995:b250,2001:34ca:bb:9e:8c13:28ff:c953:b2c5,1085,80,0,0,6,60+400,0,False,False,-
98550,2001:2b01:ffbd:26::87,2001:3c00:5846:1a2a::f00:d488,54791,6667,0,0,6,72+46,0,False,False,"1251889198, 2115505927"
98650,2001:3c00:5846:1a2a::f00:d488,2001:2b01:ffbd:26::87,6667,54791,247972,0,6,72+105,0,False,False,"2115506355, 1251889198"
99396,2001:3951:7400:ead3::e5,2001:3c00:5846:1a2a::f00:d488,32782,6667,0,0,6,72+32,0,False,False,"256219943, 2115506324"
99413,2001:28d3:ff92::91,2001:3c00:5846:1a2a::f00:d488,33012,6667,0,0,6,72+32,0,False,False,"11448897, 2115506324"
