Packet Number,Source IP,Destination IP,Source Port,Destination Port,Flow Label,Traffic Class,Next Header,Packet Length
542,2001:3269:3d:0:8883::ed2e,2001:3b46:3e00:ffff::23b8,-,-,0,0,58,44+109
559,2001:3801:6c00:42::31:52,2001:3c00:5979::21:14,32771,53,0,0,17,60+55
561,2001:3801:6c00:42::31:52,2001:3c00:5979::21:14,32771,53,0,0,17,60+55
757,2001:3376:cff:ffff::c6,2001:390a:2002:1a00:1e::,-,-,0,0,41,40+60
1013,2001:3269:3d:0:8883::ed2e,2001:23b9:0:4b:b9:1295:16a4:60,-,-,0,0,58,44+111
2151,2001:3d4f::ed,2001:3a50:0:ec::71,-,-,0,0,58,48+64
2218,2001:3376:cff:ffff::c6,2001:390a:2002:1a00:1e::,-,-,0,0,41,40+60
2428,2001:3a50:a8ff:ff23::93c,2001:3c00:5846:bd74:f381:68ff:8990:3b19,-,-,0,0,58,48+64
2831,2002:90f3:2860::53df:6d54,2001:34ca:bb:9e:8c13:28ff:c953:b2c5,1084,80,0,0,6,60+20
3178,2001:3269:3d:0:8883::ed2e,2001:390a:4b52:8a00::6e83,-,-,0,0,58,44+111
3707,2001:3376:cff:ffff::c6,2001:390a:2002:1a00:1e::,-,-,0,0,41,40+60
4390,2001:3269:3d:0:8883::ed2e,2001:2a12:806f::d7,-,-,0,0,58,44+113
5101,2001:3c8f:e:ff55::a200,2001:394f:0:9cc3::ae,36514,53,0,0,17,60+51
5269,2002:90f3:2860::53df:6d54,2001:34ca:bb:9e:8c13:28ff:c953:b2c5,1084,80,0,0,6,60+20
5270,2002:90f3:2860::53df:6d54,2001:34ca:bb:9e:8c13:28ff:c953:b2c5,1084,80,0,0,6,60+20
5272,2002:90f3:2860::53df:6d54,2001:34ca:bb:9e:8c13:28ff:c953:b2c5,1084,80,0,0,6,60+20
5574,2001:5696:6200:f::a6,2001:3c00:5846:bd74:f381:68ff:8990:3b19,-,-,0,0,58,48+64
5591,2001:3c00:5846:bd74:f381:68ff:8990:3b19,2001:5696:6200:f::a6,-,-,0,0,58,48+64
5904,2001:3996:8800:27df::b1,2001:3c00:5846:bd74:f381:68ff:8990:3b19,-,-,0,0,58,48+64
5921,2001:3c00:5846:bd74:f381:68ff:8990:3b19,2001:3996:8800:27df::b1,-,-,0,0,58,48+64
7058,2002:90f3:2860::53df:6d54,2001:34ca:bb:9e:8c13:28ff:c953:b2c5,1084,80,0,0,6,60+20
7957,2001:3269:3d:0:8883::ed2e,2001:23b9:0:4b:b9:1295:16a4:60,-,-,0,0,58,44+111
8199,2001:28d3:ff00:11e9::51,2001:3c00:5846:bd74:f381:68ff:8990:3b19,-,-,0,0,58,48+64
8220,2001:3c00:5846:bd74:f381:68ff:8990:3b19,2001:28d3:ff00:11e9::51,-,-,0,0,58,48+64
9538,2001:5696:6200:f::a6,2001:3c00:5846:bd74:f381:68ff:8990:3b19,-,-,0,0,58,48+64
9552,2001:3c00:5846:bd74:f381:68ff:8990:3b19,2001:5696:6200:f::a6,-,-,0,0,58,48+64
9589,2001:3269:3d:0:8883::ed2e,2001:23b9:0:4a:4dbf:b6ff:cbca:6d,-,-,0,0,58,44+112
10180,2001:3c00:59c7:b6:f780:f0ff:eb6:493f,2001:3abf:f5a5::a3:2f,53601,53,0,0,17,60+43
10183,2001:3c00:59c7:b6:f780:f0ff:eb6:493f,2001:3abf:f5a5::a3:2f,53601,53,0,0,17,60+43
10188,2001:3c00:59c7:b6:f780:f0ff:eb6:493f,2001:3abf:f5a5::a3:2f,53601,53,0,0,17,60+43
10834,2001:32af:eb5a:0:8e1c:f1ff:52fc:a0c8,2001:38af:38:1b::ca,51827,53,0,0,17,60+47
10966,2001:3b46:3e01:548c::62,2001:343d:b5:b4::65,-,-,0,0,58,48+64
11324,2001:3a50:a8ff:ff23::1636,2001:32af:ea15:0:6a18:c8ff:3b8f:843b,-,-,0,0,58,48+64
11646,2001:3269:3d:0:8883::ed2e,2001:23b9:0:48:cf:c57a:e40d:bf,-,-,0,0,58,44+109
11711,2001:3951:6a7d:c1:521e:2d7f:8bd:ced0,2001:3c00:5846:1a2a::f00:d488,1259,6667,0,0,6,60+85
11857,2001:3c00:5846:1a2a::f00:d488,2001:3951:6a7d:c1:521e:2d7f:8bd:ced0,6667,1259,256161,0,6,60+118
12051,2001:3da6:613c:7000::bea9,2001:3c00:5846:1a2a::f00:d488,63980,6667,936823,0,6,72+123
12186,2001:3a50:a8ff:ff23::1636,2001:32af:ea15:0:6800::780d,-,-,0,0,58,48+64
12334,2001:3daa:4d00::298c,2001:3c00:5846:1a2a::f00:d488,43959,6667,0,0,6,80+40
12634,2001:3269:3d:0:8883::ed2e,2001:54e5:0:8f0f::d0,-,-,0,0,58,44+109
12893,2001:3abf:f5a5::a3:2f,2001:3c00:59c7:b6:f780:f0ff:eb6:493f,53,53601,0,0,17,60+123
12944,2001:3abf:f5a5::a3:2f,2001:3c00:59c7:b6:f780:f0ff:eb6:493f,53,53601,0,0,17,60+123
12967,2001:3abf:f5a5::a3:2f,2001:3c00:59c7:b6:f780:f0ff:eb6:493f,53,53601,0,0,17,60+107
13082,2001:3269:3d:0:8883::ed2e,2001:23b9:0:4a:4dbf:b6ff:cbca:6d,-,-,0,0,58,44+111
13355,2001:3c46:9a68:0:5888:3aff:ba3:ebf5,2001:3a50:0:ec::71,-,-,0,0,58,48+64
13655,2001:3a50:a8ff:ff23::42ee,2001:3c00:5846:bd74:f381:68ff:8990:3b19,-,-,0,0,58,48+64
14038,2001:3269:3d:0:8883::ed2e,2001:54e5:0:8f0f::d0,-,-,0,0,58,44+110
14705,2001:3996:8800:271e::6c,2001:3c00:5846:bd74:f381:68ff:8990:3b19,-,-,0,0,58,48+64
14720,2001:3c00:5846:bd74:f381:68ff:8990:3b19,2001:3996:8800:271e::6c,-,-,0,0,58,48+64
14731,2001:38af:38:1b::ca,2001:32af:eb5a:0:8e1c:f1ff:52fc:a0c8,53,51827,0,0,17,60+265
17214,2001:3a50:a8ff:ff23::93c,2001:3c00:5846:bd74:f381:68ff:8990:3b19,-,-,0,0,58,48+64
17217,2001:3d4f::ed,2001:3a50:0:ec::71,-,-,0,0,58,48+64
17380,3ffe:9d3c:de29:2e82:ec53:96ff:7344:8d,2001:3abf:22df::63:1a,61140,53,0,0,17,60+50
17384,3ffe:9d3c:de29:2e82:ec53:96ff:7344:8d,2001:3abf:22df::63:1a,61140,53,0,0,17,60+50
17389,3ffe:9d3c:de29:2e82:ec53:96ff:7344:8d,2001:3abf:22df::63:1a,61140,53,0,0,17,60+50
17393,3ffe:9d3c:de29:2e82:ec53:96ff:7344:8d,2001:3abf:22df::63:1a,61140,53,0,0,17,60+50
17397,3ffe:9d3c:de29:2e82:ec53:96ff:7344:8d,2001:3abf:22df::63:1a,61140,53,0,0,17,60+50
17400,3ffe:9d3c:de29:2e82:ec53:96ff:7344:8d,2001:3abf:22df::63:1a,61140,53,0,0,17,60+50
17401,3ffe:9d3c:de29:2e82:ec53:96ff:7344:8d,2001:3abf:22df::63:1a,61140,53,0,0,17,60+50
17406,3ffe:9d3c:de29:2e82:ec53:96ff:7344:8d,2001:3abf:22df::63:1a,61140,53,0,0,17,60+50
18645,2001:3a50:a8ff:ff23::5365,2001:3c00:5846:bd74:f381:68ff:8990:3b19,-,-,0,0,58,48+16
18797,2001:3abf:22df::63:1a,2001:32af:eb5a:1:df5c:ffff:bb57:4b85,53,52065,0,0,17,60+123
19045,2001:5696:4061:30af::6966:f1,2001:3c00:5846:bd74:f381:68ff:8990:3b19,-,-,0,0,58,48+16
19063,2001:3c00:5846:bd74:f381:68ff:8990:3b19,2001:5696:4061:30af::6966:f1,-,-,0,0,58,48+16
19285,2001:3c47:fef9::2e,2001:3801:6c00:42::31:53,-,-,0,0,58,44+100
19286,2001:3c47:fef9::2e,2001:3801:6c00:42::31:53,-,-,0,0,58,44+100
19773,2001:34eb:ff:f112::39f:2c,2001:3c00:5846:bd74:f381:68ff:8990:3b19,4644,80,0,0,6,80+40
19782,2001:3c00:5846:bd74:f381:68ff:8990:3b19,2001:34eb:ff:f112::39f:2c,80,4644,955572,1,6,82+44
19945,2001:3376:cff:ffff::c6,2001:390a:2002:1a00:1e::,-,-,0,0,41,40+60
20104,2001:3951:6a7d:c1:521e:2d7f:8bd:ced0,2001:3c00:5846:1a2a::f00:d488,1259,6667,0,0,6,60+20
20188,2001:3951:7400:ead3::e5,2001:3c00:5846:1a2a::f00:d488,32782,6667,0,0,6,72+57
20203,2001:5696:6200:f::a6,2001:3c00:5846:bd74:f381:68ff:8990:3b19,-,-,0,0,58,48+64
20214,2001:3c00:5846:bd74:f381:68ff:8990:3b19,2001:5696:6200:f::a6,-,-,0,0,58,48+64
20761,2001:3269:3d:0:8883::ed2e,2001:3508:2ea2:254f::91,-,-,0,0,58,44+110
21039,2001:3269:3d:0:8883::ed2e,2001:2a12:806f::d7,-,-,0,0,58,44+112
21231,2001:3376:cff:ffff::c6,2001:390a:2002:1a00:1e::,-,-,0,0,41,40+60
21679,2001:3da6:613c:7000::a68f,2001:3c00:5846:1a2a::f00:d488,65528,6667,746972,0,6,72+32
21724,2001:3c00:5846:1a2a::f00:d488,2001:3951:7400:ead3::e5,6667,32782,251187,0,6,72+32
22012,2001:3269:3d:0:8883::ed2e,2001:54e5:0:8f0f::d0,-,-,0,0,58,44+109
22364,2001:5696:6500:9f::64,2001:3c00:5846:bd74:f381:68ff:8990:3b19,-,-,0,0,58,48+64
22386,2001:3c00:5846:bd74:f381:68ff:8990:3b19,2001:5696:6500:9f::64,-,-,0,0,58,48+64
22437,2001:3c00:5846:1a2a::f00:d488,2001:3951:7400:ead3::e5,6667,32782,251187,0,6,72+88
22718,2001:3269:3d:0:8883::ed2e,2001:23b9:0:48:cf:c57a:e40d:bf,-,-,0,0,58,44+111
22891,2001:3376:cff:ffff::c6,2001:390a:2002:1a00:1e::,-,-,0,0,41,40+60
23184,2001:28d3:ff00:11e9::51,2001:3c00:5846:bd74:f381:68ff:8990:3b19,-,-,0,0,58,48+64
23185,2001:3c47:fef9::2e,2001:3801:6c00:42::31:55,-,-,0,0,58,44+98
23212,2001:3c00:5846:bd74:f381:68ff:8990:3b19,2001:28d3:ff00:11e9::51,-,-,0,0,58,48+64
23425,2001:30db:c130:cde6:4ee0:c5ff:9f21:11a2,2001:3959:ae47:0:8d:b1:18:97,33067,53,0,0,17,60+55
23426,2001:30db:c130:cde6:4ee0:c5ff:9f21:11a2,2001:3959:ae47:0:8d:b1:18:97,33067,53,0,0,17,60+55
24280,2001:2b01:ffbd:26::87,2001:3c00:5846:1a2a::f00:d488,54791,6667,0,0,6,72+47
24349,2001:3376:cff:ffff::c6,2001:390a:2002:1a00:1e::,-,-,0,0,41,40+60
24352,2001:5696:6200:f::a6,2001:3c00:5846:bd74:f381:68ff:8990:3b19,-,-,0,0,58,48+64
24360,2001:3c00:5846:bd74:f381:68ff:8990:3b19,2001:5696:6200:f::a6,-,-,0,0,58,48+64
24876,2001:3da6:613c:7000::a68f,2001:3c00:5846:1a2a::f00:d488,65528,6667,746972,0,6,72+32
24913,2001:34eb:ff:f112::39f:2c,2001:3c00:5846:bd74:f381:68ff:8990:3b19,4644,80,0,0,6,72+32
25077,2001:34eb:ff:f112::39f:2c,2001:3c00:5846:bd74:f381:68ff:8990:3b19,4644,80,0,0,6,72+213
25796,2001:3376:cff:ffff::c6,2001:390a:2002:1a00:1e::,-,-,0,0,41,40+60
25876,2001:3c00:5846:1a2a::f00:d488,2001:2b01:ffbd:26::87,6667,54791,247972,0,6,72+32
25979,2001:3316:ffff:16:3786:f6ff:424a:830d,2001:54e5:0:8f0f::d0,53,32985,0,0,17,60+40
26285,2001:3a50:a8ff:ff23::1636,2001:32af:ea15:0:6a18:c8ff:3b8f:843b,-,-,0,0,58,48+64
26553,2001:3c47:fef9::2e,2001:3903:9c00:fd00::95,-,-,0,0,58,44+97
26601,2001:3c00:5846:bd74:f381:68ff:8990:3b19,2001:34eb:ff:f112::39f:2c,80,4644,955572,0,6,72+32
26639,2001:3b46:3e01:548c::62,2001:343d:b5:b4::65,-,-,0,0,58,48+64
27281,2001:3a50:a8ff:ff23::1636,2001:32af:ea15:0:6800::780d,-,-,0,0,58,48+64
27305,2001:3316:ffff:16:3786:f6ff:424a:830d,2001:2221:0:85:9bb2:99ff:9379:59e0,53,32769,0,0,17,60+43
27319,2001:3c52::3b,2001:385a:498f:79::f4,53,32816,0,0,17,60+114
27320,2001:3c52::3b,2001:385a:498f:79::f4,53,32816,0,0,17,60+114
27536,2001:3376:cff:ffff::c6,2001:390a:2002:1a00:1e::,-,-,0,0,41,40+60
27658,2001:3269:3d:0:8883::ed2e,2001:3951:7400:3100::51de:95,-,-,0,0,58,44+112
27739,2001:3c14:59c5:d730::33,2001:3c00:59b4::98,53,65533,0,0,17,60+376
27883,2001:3269:3d:0:8883::ed2e,2001:54e5:0:8f0f::d0,-,-,0,0,58,44+113
28061,2001:3801:6c00:7:5cb6:3eff:f414:cc0e,2001:3c00:5979::21:16,51127,53,0,0,17,60+63
28074,2001:3c00:5979::21:16,2001:3801:6c00:7:5cb6:3eff:f414:cc0e,53,51127,0,0,17,60+111
28179,2001:3951:7400:ead3::e5,2001:3c00:5846:1a2a::f00:d488,32782,6667,0,0,6,72+32
28582,2001:3a50:a8ff:ff23::42ee,2001:3c00:5846:bd74:f381:68ff:8990:3b19,-,-,0,0,58,48+64
28644,2001:3abf:22df::63:1a,2001:3c00:59d4:7a::49,53,61870,0,0,17,60+20
28669,2001:3abf:22df::63:1a,2001:3c00:59d4:7a::49,53,61870,0,0,17,60+20
28684,2001:3abf:22df::63:1a,2001:3c00:59d4:7a::49,53,61870,0,0,17,60+20
28938,2001:3c52::3b,2001:385a:498f:78:7c00::a6,53,37582,0,0,17,60+112
29003,2001:3376:cff:ffff::c6,2001:390a:2002:1a00:1e::,-,-,0,0,41,40+60
29396,2001:3da6:6072:0:c4f7:50ff:1f16:5d73,2001:326c::e5,53,53,0,0,17,60+64
29459,2001:3269:3d:0:8883::ed2e,2001:390a:30c1::fa,-,-,0,0,58,44+113
29525,2001:3cc1:f7:0:aaa6:4ff:e0aa:8df3,2001:3abf:22df::63:1a,40697,53,0,0,17,60+39
29784,2001:3996:8800:271e::6c,2001:3c00:5846:bd74:f381:68ff:8990:3b19,-,-,0,0,58,48+64
29796,2001:3c00:5846:bd74:f381:68ff:8990:3b19,2001:3996:8800:271e::6c,-,-,0,0,58,48+64
30108,3ffe:9d3c:de29:2e82:ec53:96ff:7344:8d,2001:3b65:3b00:7e::5e,61140,53,0,0,17,60+63
30574,2001:3269:3d:0:8883::ed2e,2001:23b9:0:48:cf:c57a:e40d:bf,-,-,0,0,58,44+110
30587,2001:3376:cff:ffff::c6,2001:390a:2002:1a00:1e::,-,-,0,0,41,40+60
30619,2001:3269:3d:0:8883::ed2e,2001:2a12:806f::d7,-,-,0,0,58,44+113
30840,2001:2b01:ffb9:6491:a6c8:e228:ef:92,2001:3c00:5846:1a2a::f00:d488,48063,6667,0,0,6,80+40
30998,2001:3c00:5846:1a2a::f00:d488,2001:2b01:ffb9:6491:a6c8:e228:ef:92,6667,48063,358259,2,6,80+40
31015,2001:3c00:5846:1a2a::f00:d488,2001:2b01:ffbd:26::87,6667,54791,247972,0,6,72+79
31267,2001:3c00:5846:bd74:f381:68ff:8990:3b19,2001:34eb:ff:f112::39f:2c,80,4644,955572,0,6,72+1440
31270,2001:3c00:5846:bd74:f381:68ff:8990:3b19,2001:34eb:ff:f112::39f:2c,80,4644,955572,0,6,72+1440
31719,2001:3269:3d:0:8883::ed2e,2001:54e5:0:8f0f::d0,-,-,0,0,58,44+110
32288,2001:3376:cff:ffff::c6,2001:390a:2002:1a00:1e::,-,-,0,0,41,40+60
32495,2001:3a50:a8ff:ff23::93c,2001:3c00:5846:bd74:f381:68ff:8990:3b19,-,-,0,0,58,48+64
32732,2001:3d4f::ed,2001:3a50:0:ec::71,-,-,0,0,58,48+64
32932,2001:3c14:6711:a4::e7,2001:3c00:5846:1a2a::300:53,53,53,0,0,17,60+57
33643,2001:3269:3d:0:8883::ed2e,2001:38af:277::f919,-,-,0,0,58,44+110
33742,2001:3376:cff:ffff::c6,2001:390a:2002:1a00:1e::,-,-,0,0,41,40+60
33782,2001:3951:6a7d:c1:521e:2d7f:8bd:ced0,2001:3c00:5846:1a2a::f00:d488,1259,6667,0,0,6,60+85
33918,2001:3c14:59c6:7a00::4e,2001:3c14:59c6:7a00::4c,2305,179,0,192,6,80+59
34144,2001:3dc0:0:d7a9:0:89:0:eb,2001:3c00:5846:1a2a::300:53,4053,53,0,0,17,60+46
34317,2001:3269:3d:0:8883::ed2e,2001:38af:277::f919,-,-,0,0,58,44+111
35113,2001:3269:3d:0:8883::ed2e,2001:38af:277::f919,-,-,0,0,58,44+111
35553,2001:3cc1:83::d6,2001:3abf:f5a5::a3:2f,32817,53,0,0,17,60+40
35559,2001:3c00:5846:1a2a::f00:d488,2001:3951:6a7d:c1:521e:2d7f:8bd:ced0,6667,1259,256161,0,6,60+20
35700,2001:3269:3d:0:8883::ed2e,2001:38af:277::f919,-,-,0,0,58,44+110
35712,2001:2b01:ffb9:6491:a6c8:e228:ef:92,2001:3c00:5846:1a2a::f00:d488,48063,6667,0,0,6,72+32
35745,2001:2b01:ffb9:6491:a6c8:e228:ef:92,2001:3c00:5846:1a2a::f00:d488,48063,6667,0,0,6,72+44
35780,2001:2b01:ffbd:26::87,2001:3c00:5846:1a2a::f00:d488,54791,6667,0,0,6,72+32
35834,2001:3c00:5846:1a2a::f00:d488,2001:2b01:ffb9:6491:a6c8:e228:ef:92,1600,113,0,0,6,80+40
35846,2001:3c00:5846:1a2a::f00:d488,2001:3951:6a7d:c1:521e:2d7f:8bd:ced0,6667,1259,256161,0,6,60+118
35847,2001:3c00:5846:1a2a::f00:d488,2001:2b01:ffb9:6491:a6c8:e228:ef:92,6667,48063,256871,0,6,72+108
35848,2001:3c00:5846:1a2a::f00:d488,2001:28d3:ff92::90,6667,32988,255126,0,6,72+60
35851,2001:3c00:5846:1a2a::f00:d488,2002:d3b2:d42f::9,6667,58360,245760,0,6,72+60
35852,2001:3c00:5846:1a2a::f00:d488,2002:d26e:5777::bd,6667,63276,255463,0,6,60+48
35962,2001:5696:6200:f::a6,2001:3c00:5846:bd74:f381:68ff:8990:3b19,-,-,0,0,58,48+64
35982,2001:3da6:6142::e,2001:3c00:5846:1a2a::f00:d488,59975,6667,106094,0,6,72+60
35985,2001:3c00:5846:bd74:f381:68ff:8990:3b19,2001:5696:6200:f::a6,-,-,0,0,58,48+64
36186,2001:3da6:61bc:0:79aa:46ff:8cf8:cb39,2001:3c00:5846:1a2a::f00:d488,16560,6667,586946,0,6,72+60
36187,2001:3c14:6780:dd00::72,2001:3c00:5846:1a2a::f00:d488,57848,6667,863764,0,6,72+60
36582,2001:3cc1:f7:0:aaa6:4ff:e0aa:8df3,2001:3abf:f5a5::a3:2f,40697,53,0,0,17,60+46
36648,2001:3c14:67d5:0:c6cd:3eff:1000:1c97,2001:3c00:5846:1a2a::f00:d488,38827,6667,0,0,6,60+20
36704,2001:3269:3d:0:8883::ed2e,2001:23b9:0:4b:b9:1295:16a4:60,-,-,0,0,58,44+112
36934,2001:3cc1:f7:0:aaa6:4ff:e0aa:8df3,2001:3abf:f5a5::a3:2f,40697,53,0,0,17,60+40
37035,2001:3c14:59c6:7a00::4c,2001:3c14:59c6:7a00::4e,179,2305,0,192,6,80+40
37166,2001:34eb:ff:f112::39f:2c,2001:3c00:5846:bd74:f381:68ff:8990:3b19,4644,80,0,0,6,72+32
37179,2001:3c00:5846:bd74:f381:68ff:8990:3b19,2001:34eb:ff:f112::39f:2c,80,4644,955572,0,6,72+213
37289,2001:34eb:ff:f112::39f:2c,2001:3c00:5846:bd74:f381:68ff:8990:3b19,4644,80,0,0,6,72+32
37361,2001:3c14:67d5:0:c6cd:3eff:1000:1c97,2001:3c00:5846:1a2a::f00:d488,38827,6667,0,0,6,60+48
37366,2001:3c00:5846:1a2a::f00:d488,2001:2b01:ffb9:6491:a6c8:e228:ef:92,6667,48063,256871,0,6,72+32
37595,2001:38af:38:1b::cc,2001:3c00:5846:1a2a::300:53,6891,53,334819,0,17,60+53
37745,2001:3c00:5846:1a2a::300:53,2001:38af:38:1b::cc,53,6891,0,0,17,60+116
38384,2001:3c14:6780:dd00::72,2001:3c00:5846:1a2a::f00:d488,57848,6667,863764,0,6,72+60
38443,2001:3c14:59c5:d656::85,2001:3c00:59b4::98,53,65533,0,0,17,60+376
38890,2001:3269:3d:0:8883::ed2e,2001:23b9:0:4a:4dbf:b6ff:cbca:6d,-,-,0,0,58,44+111
39094,2001:5696:6500:9f::64,2001:3c00:5846:bd74:f381:68ff:8990:3b19,-,-,0,0,58,48+64
39106,2001:3c00:5846:bd74:f381:68ff:8990:3b19,2001:5696:6500:9f::64,-,-,0,0,58,48+64
39401,2001:3269:3d:0:8883::ed2e,2001:23b9:0:48:cf:c57a:e40d:bf,-,-,0,0,58,44+111
39501,2001:28d3:ff00:11e9::51,2001:3c00:5846:bd74:f381:68ff:8990:3b19,-,-,0,0,58,48+64
39517,2001:3c00:5846:bd74:f381:68ff:8990:3b19,2001:28d3:ff00:11e9::51,-,-,0,0,58,48+64
39541,2001:3c00:5846:997:a24c:3ff:1653:56e8,2001:3abf:22df::63:1a,37046,53,0,0,17,60+40
39623,2001:2037:95:daeb:c99e:eff:12cc:c57d,2001:326c::e5,32771,53,0,0,17,60+64
40375,2001:3c00:5846:997:a24c:3ff:1653:56e8,2001:3abf:22df::63:1a,37046,53,0,0,17,60+37
40516,2001:2b01:ffb9:6491:a6c8:e228:ef:92,2001:3c00:5846:1a2a::f00:d488,113,1600,0,0,6,80+40
40531,2001:2b01:ffb9:6491:a6c8:e228:ef:92,2001:3c00:5846:1a2a::f00:d488,48063,6667,0,0,6,72+32
40553,2001:38d8:2000:6314::d,2001:385a:49a8:cc2d:652e:b9aa:55c5:eb08,52081,6667,0,0,6,72+44
40603,2001:5696:6200:f::a6,2001:3c00:5846:bd74:f381:68ff:8990:3b19,-,-,0,0,58,48+64
40616,2001:3c00:5846:bd74:f381:68ff:8990:3b19,2001:5696:6200:f::a6,-,-,0,0,58,48+64
40620,2001:3c00:5846:1a2a::f00:d488,2001:2b01:ffb9:6491:a6c8:e228:ef:92,1600,113,0,0,6,72+32
40622,2001:3c00:5846:1a2a::f00:d488,2001:2b01:ffb9:6491:a6c8:e228:ef:92,1600,113,0,0,6,72+46
40626,2001:3c00:5846:1a2a::300:53,2001:3b46:3e00:ffff::23b8,53,49152,0,0,17,60+111
40628,2001:3269:3d:0:8883::ed2e,2001:38af:277::f919,-,-,0,0,58,44+111
40680,2001:3a50:a892::5,2001:3c00:5846:1a2a::f00:d488,49698,6667,0,0,6,60+20
40683,2001:3a50:a892::5,2001:3c00:5846:1a2a::f00:d488,49698,6667,0,0,6,60+47
40742,2001:3a50:a8ff:ff23::1bd2,2001:3c00:5846:bd74:f381:68ff:8990:3b19,-,-,0,0,58,48+64
41604,2001:3269:3d:0:8883::ed2e,2001:23b9:0:48:cf:c57a:e40d:bf,-,-,0,0,58,44+109
41945,2001:28d3:ff92::90,2001:3c00:5846:1a2a::f00:d488,32988,6667,0,0,6,72+32
42021,2001:28d3:ff92::90,2001:3c00:5846:1a2a::f00:d488,32988,6667,0,0,6,72+60
42090,2001:390a:69e4:2917:1c69:6dff:fc1c:44c1,2001:3c00:5846:bd74:f381:68ff:8990:3b19,-,-,0,0,58,48+64
42101,2001:2b01:ffb9:6491:a6c8:e228:ef:92,2001:3c00:5846:1a2a::f00:d488,48063,6667,0,0,6,72+61
42117,2001:3c00:5846:bd74:f381:68ff:8990:3b19,2001:390a:69e4:2917:1c69:6dff:fc1c:44c1,-,-,0,0,58,48+64
42483,2001:2221:0:85:9bb2:99ff:9379:59e0,2001:3c21:f800:83::f5,32769,53,0,0,17,60+51
42554,2001:3abf:22df::63:1a,2001:3c00:5846:997:a24c:3ff:1653:56e8,53,37046,0,0,17,60+124
42598,2001:3a50:a8ff:ff23::1636,2001:32af:ea15:0:6a18:c8ff:3b8f:843b,-,-,0,0,58,48+64
42628,2001:2221:0:85:9bb2:99ff:9379:59e0,2001:3c21:f800:83::f5,32769,53,0,0,17,60+50
42900,2001:3269:3d:0:8883::ed2e,2001:38af:277::f919,-,-,0,0,58,44+113
42968,2001:3da6:613c:7000::bea9,2001:3c00:5846:1a2a::f00:d488,63980,6667,936823,0,6,72+144
43071,2001:34eb:ff:f112::39f:2c,2001:3c00:5846:bd74:f381:68ff:8990:3b19,4644,80,0,0,6,72+32
43074,2001:3b46:3e01:548c::62,2001:343d:b5:b4::65,-,-,0,0,58,48+64
43121,2001:34eb:ff:f112::39f:2c,2001:3c00:5846:bd74:f381:68ff:8990:3b19,4644,80,0,0,6,72+32
43139,2001:3c00:5846:bd74:f381:68ff:8990:3b19,2001:34eb:ff:f112::39f:2c,80,4644,955572,0,6,72+32
43140,2001:3c00:5846:bd74:f381:68ff:8990:3b19,2001:34eb:ff:f112::39f:2c,80,4644,955572,0,6,72+32
43273,2001:3abf:22df::63:1a,2001:3c00:5846:997:a24c:3ff:1653:56e8,53,37046,0,0,17,60+104
43497,2001:3a50:a8ff:ff23::1636,2001:32af:ea15:0:6800::780d,-,-,0,0,58,48+64
43512,2001:3c21:f800:83::f5,2001:2221:0:85:9bb2:99ff:9379:59e0,53,32769,0,0,17,60+302
43525,2001:385a:4a21:e:1bcc:21ff:325f:37ea,2001:3c00:5846:1a2a::300:53,33270,53,0,0,17,60+58
43526,2001:385a:4a21:e:1bcc:21ff:325f:37ea,2001:3c00:5846:1a2a::300:53,33270,53,0,0,17,60+58
43626,2001:3c00:5846:1a2a::300:53,2001:385a:4a21:e:1bcc:21ff:325f:37ea,53,33270,0,0,17,60+114
43628,2001:3c00:5846:1a2a::300:53,2001:385a:4a21:e:1bcc:21ff:325f:37ea,53,33270,0,0,17,60+114
43638,2001:3c21:f800:83::f5,2001:2221:0:85:9bb2:99ff:9379:59e0,53,32769,0,0,17,60+301
43639,2001:3c00:5846:1a2a::f00:d488,2001:28d3:ff92::90,6667,32988,255126,0,6,72+32
43641,2001:3c00:5846:1a2a::f00:d488,2001:2b01:ffb9:6491:a6c8:e228:ef:92,6667,48063,256871,0,6,72+32
43646,2001:385a:498f:78:7c00::a6,2001:326c::e5,37582,53,0,0,17,60+58
43648,2001:385a:498f:78:7c00::a6,2001:326c::e5,37582,53,0,0,17,60+58
43658,2001:326c::e5,2001:385a:498f:78:7c00::a6,53,37582,0,0,17,60+114
43659,2001:326c::e5,2001:385a:498f:78:7c00::a6,53,37582,0,0,17,60+114
43769,2001:3c00:5846:1a2a::f00:d488,2002:d26e:5777::bd,6667,63276,255463,0,6,60+20
43805,2002:d3b2:d42f::9,2001:3c00:5846:1a2a::f00:d488,58360,6667,0,0,6,72+60
44185,2001:3daa:4d00::298c,2001:3c00:5846:1a2a::f00:d488,43954,6667,0,0,6,80+40
44720,2001:3269:3d:0:8883::ed2e,2001:38af:277::f919,-,-,0,0,58,44+112
45212,2001:2b01:ffb9:6491:a6c8:e228:ef:92,2001:3c00:5846:1a2a::f00:d488,113,1600,0,0,6,72+32
45294,2001:2b01:ffb9:6491:a6c8:e228:ef:92,2001:3c00:5846:1a2a::f00:d488,113,1600,0,0,6,72+68
45298,2001:3a50:a8ff:ff23::42ee,2001:3c00:5846:bd74:f381:68ff:8990:3b19,-,-,0,0,58,48+64
45316,2001:2b01:ffb9:6491:a6c8:e228:ef:92,2001:3c00:5846:1a2a::f00:d488,113,1600,0,0,6,72+32
45428,2001:3c00:5846:1a2a::f00:d488,2001:2b01:ffb9:6491:a6c8:e228:ef:92,1600,113,0,0,6,72+32
45440,2001:3c00:5846:1a2a::f00:d488,2001:2b01:ffb9:6491:a6c8:e228:ef:92,6667,48063,256871,0,6,72+125
45441,2001:3c00:5846:1a2a::f00:d488,2001:2b01:ffb9:6491:a6c8:e228:ef:92,6667,48063,256871,0,6,72+32
45445,2001:3c00:5846:1a2a::f00:d488,2002:d26e:5777::bd,6667,63276,255463,0,6,60+96
45448,2001:3c00:5846:1a2a::f00:d488,2001:2b01:ffb9:6491:a6c8:e228:ef:92,1600,113,0,0,6,72+32
45754,2001:3c00:5846:1a2a::f00:d488,2002:d3b2:d42f::9,6667,58360,245760,0,6,72+32
45818,2001:3269:3d:0:8883::ed2e,2001:54e5:0:8f0f::d0,-,-,0,0,58,44+112
46233,2001:3996:8800:271e::6c,2001:3c00:5846:bd74:f381:68ff:8990:3b19,-,-,0,0,58,48+64
46259,2001:3c00:5846:bd74:f381:68ff:8990:3b19,2001:3996:8800:271e::6c,-,-,0,0,58,48+64
46278,2001:3951:6a7d:c1:521e:2d7f:8bd:ced0,2001:3c00:5846:1a2a::f00:d488,1259,6667,0,0,6,60+20
46328,2001:3c47:fef9::2e,2001:3801:6c00:42::31:55,-,-,0,0,58,44+98
46329,2001:3c47:fef9::2e,2001:3801:6c00:42::31:55,-,-,0,0,58,44+97
46835,2001:3c30:6800::88,2001:3abf:22df::63:1a,63306,53,0,0,17,60+53
47019,2001:3269:3d:0:8883::ed2e,2001:38af:277::f919,-,-,0,0,58,44+110
47274,2001:3c47:fef9::2e,2001:2820:7f26::14,-,-,0,0,58,44+111
47352,2001:3801:6c00:42::31:53,2001:3c00:5846:1a2a::300:53,32771,53,0,0,17,60+52
47356,2001:3801:6c00:42::31:53,2001:3c00:5846:1a2a::300:53,32771,53,0,0,17,60+52
48573,2001:3da6:613c:7000::a68f,2001:3c00:5846:1a2a::f00:d488,65528,6667,746972,0,6,72+32
48611,2001:34eb:ff:f112::39f:2c,2001:3c00:5846:bd74:f381:68ff:8990:3b19,4644,80,0,0,6,72+32
48822,2001:3a50:a8ff:ff23::93c,2001:3c00:5846:bd74:f381:68ff:8990:3b19,-,-,0,0,58,48+64
48900,2001:38d8:2000:6314::d,2001:385a:49a8:cc2d:652e:b9aa:55c5:eb08,52081,6667,0,0,6,72+32
49104,2001:3269:3d:0:8883::ed2e,2001:38af:277::f919,-,-,0,0,58,44+112
49117,2001:3c00:5846:1a2a::f00:d488,2002:d26e:5777::bd,6667,63276,255463,0,6,60+20
49370,2001:3d4f::ed,2001:3a50:0:ec::71,-,-,0,0,58,48+64
49491,2001:3316:ffff:16:3786:f6ff:424a:830d,2001:39c8:5:fd09::1d,53,41367,0,0,17,60+41
49508,2001:3269:3d:0:8883::ed2e,2001:3b46:3e00:ffff::23b8,-,-,0,0,58,44+101
49545,2001:3967:52ee:c5:d66a:2aff:ec68:7610,2001:3c00:5d52:1e:9984:23ff:65e2:d71e,51949,80,0,0,6,80+40
49617,2001:28d3:ff92::90,2001:3c00:5846:1a2a::f00:d488,32988,6667,0,0,6,72+75
49738,2001:2221:0:85:9bb2:99ff:9379:59e0,2001:3c21:f800:83::f5,32769,53,0,0,17,60+53
49766,2001:2b01:ffb9:6491:a6c8:e228:ef:92,2001:3c00:5846:1a2a::f00:d488,113,1600,0,0,6,72+32
49778,2001:2b01:ffb9:6491:a6c8:e228:ef:92,2001:3c00:5846:1a2a::f00:d488,48063,6667,0,0,6,72+32
49794,2001:2b01:ffb9:6491:a6c8:e228:ef:92,2001:3c00:5846:1a2a::f00:d488,48063,6667,0,0,6,72+32
49940,2002:90f3:2860::53df:6d54,2001:34ca:bb:9e:8c13:28ff:c953:b2c5,1085,80,0,0,6,64+24
49948,2001:3c00:5846:1a2a::f00:d488,2001:2b01:ffb9:6491:a6c8:e228:ef:92,6667,48063,256871,0,6,72+32
50027,2001:2221:0:85:9bb2:99ff:9379:59e0,2001:3c21:f800:83::f5,32769,53,0,0,17,60+53
50773,2001:3c21:f800:83::f5,2001:2221:0:85:9bb2:99ff:9379:59e0,53,32769,0,0,17,60+308
51012,2001:3c21:f800:83::f5,2001:2221:0:85:9bb2:99ff:9379:59e0,53,32769,0,0,17,60+308
51238,2001:3c00:5846:1a2a::f00:d488,2001:28d3:ff92::90,6667,32988,255126,0,6,72+32
51342,2001:3c47:fef9::2e,2001:38ed:0:6c00::adff,-,-,0,0,58,44+102
51370,2001:3c47:fef9::2e,2001:38ed:0:6c00::adff,-,-,0,0,58,44+102
51427,2001:3269:3d:0:8883::ed2e,2001:54e5:0:8f0f::d0,-,-,0,0,58,44+111
51434,2001:3c47:fef9::2e,2001:38ed:0:6c00::adff,-,-,0,0,58,44+102
51565,2001:3376:cff:ffff::c6,2001:390a:2002:1a00:1e::,-,-,0,0,41,40+60
51988,2001:5696:6200:f::a6,2001:3c00:5846:bd74:f381:68ff:8990:3b19,-,-,0,0,58,48+64
52002,2001:3c00:5846:bd74:f381:68ff:8990:3b19,2001:5696:6200:f::a6,-,-,0,0,58,48+64
52669,2001:3da6:6072:0:c4f7:50ff:1f16:5d73,2001:3c00:5846:1a2a::300:53,53,53,0,0,17,60+49
52685,2001:3da6:6072:0:c4f7:50ff:1f16:5d73,2001:3c00:5846:1a2a::300:53,53,53,0,0,17,60+49
53015,2001:3376:cff:ffff::c6,2001:390a:2002:1a00:1e::,-,-,0,0,41,40+60
53241,2002:d3b2:d42f::9,2001:3c00:5846:1a2a::f00:d488,58360,6667,0,0,6,72+60
53335,2001:3269:3d:0:8883::ed2e,2001:23b9:0:48:cf:c57a:e40d:bf,-,-,0,0,58,44+112
53933,2001:3967:52ee:c5:d66a:2aff:ec68:7610,2001:3c00:5d52:1e:9984:23ff:65e2:d71e,51949,80,0,0,6,72+32
53934,2001:3967:52ee:c5:d66a:2aff:ec68:7610,2001:3c00:5d52:1e:9984:23ff:65e2:d71e,51949,80,0,0,6,72+185
54275,2001:3269:3d:0:8883::ed2e,2001:38af:277::f919,-,-,0,0,58,44+111
54673,2001:3376:cff:ffff::c6,2001:390a:2002:1a00:1e::,-,-,0,0,41,40+60
54731,2001:3c00:5846:1a2a::f00:d488,2002:d3b2:d42f::9,6667,58360,245760,0,6,72+32
54900,2001:5696:6500:9f::64,2001:3c00:5846:bd74:f381:68ff:8990:3b19,-,-,0,0,58,48+64
54919,2001:3c00:5846:bd74:f381:68ff:8990:3b19,2001:5696:6500:9f::64,-,-,0,0,58,48+64
55268,2001:28d3:ff00:11e9::51,2001:3c00:5846:bd74:f381:68ff:8990:3b19,-,-,0,0,58,48+64
55279,2001:3c00:5846:bd74:f381:68ff:8990:3b19,2001:28d3:ff00:11e9::51,-,-,0,0,58,48+64
55363,2002:90f3:2860::53df:6d54,2001:34ca:bb:9e:8c13:28ff:c953:b2c5,1085,80,0,0,6,60+20
55394,2002:90f3:2860::53df:6d54,2001:34ca:bb:9e:8c13:28ff:c953:b2c5,1085,80,0,0,6,60+576
55720,2001:3376:cff:ffff::c6,2001:390a:2002:1a00:1e::,-,-,0,0,41,40+114
55856,2002:305a:446f::370f:1b30,2001:34ca:bb:9e:8c13:28ff:c953:b2c5,1203,80,0,0,6,64+24
55861,2001:3376:cff:ffff::c6,2001:3b0f:0:dd93::32,-,-,0,0,41,40+79
56129,2001:3376:cff:ffff::c6,2001:390a:2002:1a00:1e::,-,-,0,0,41,40+60
56154,2001:5696:6200:f::a6,2001:3c00:5846:bd74:f381:68ff:8990:3b19,-,-,0,0,58,48+64
56174,2001:3c00:5846:bd74:f381:68ff:8990:3b19,2001:5696:6200:f::a6,-,-,0,0,58,48+64
56257,2001:3269:3d:0:8883::ed2e,2001:23b9:0:4a:4dbf:b6ff:cbca:6d,-,-,0,0,58,44+109
56374,2001:3a50:a8ff:ff23::1bd2,2001:3c00:5846:bd74:f381:68ff:8990:3b19,-,-,0,0,58,48+64
56688,2001:3215:7c:cc00::ff,2001:3801:6c00:42::31:50,53,32771,0,0,17,60+123
57225,2001:3269:3d:0:8883::ed2e,2001:38af:277::f919,-,-,0,0,58,44+111
57536,2001:3c47:fef9::2e,2001:3903:9c00:fd00::95,-,-,0,0,58,44+97
57662,2001:3c00:59d4:7a::49,2001:3abf:f5a5::a3:2f,61870,53,0,0,17,60+52
57663,2001:3c00:59d4:7a::49,2001:3abf:f5a5::a3:2f,61870,53,0,0,17,60+51
57684,2001:3c00:59d4:7a::49,2001:3abf:f5a5::a3:2f,61870,53,0,0,17,60+52
57735,2001:3376:cff:ffff::c6,2001:390a:2002:1a00:1e::,-,-,0,0,41,40+60
58191,2001:3a50:a8ff:ff23::1636,2001:32af:ea15:0:6a18:c8ff:3b8f:843b,-,-,0,0,58,48+64
58258,2001:3269:3d:0:8883::ed2e,2001:38af:277::f919,-,-,0,0,58,44+112
58444,2001:385a:498f:78:7c00::a6,2001:326c::e5,37582,53,0,0,17,60+60
58446,2001:326c::e5,2001:385a:498f:78:7c00::a6,53,37582,0,0,17,60+132
58644,2001:3967:52ee:c5:d66a:2aff:ec68:7610,2001:3c00:5d52:1e:9984:23ff:65e2:d71e,51949,80,0,0,6,72+32
58682,2001:3967:52ee:c5:d66a:2aff:ec68:7610,2001:3c00:5d52:1e:9984:23ff:65e2:d71e,51949,80,0,0,6,72+32
58701,2001:3b46:3e01:548c::62,2001:343d:b5:b4::65,-,-,0,0,58,48+64
58952,2001:3269:3d:0:8883::ed2e,2001:38af:277::f919,-,-,0,0,58,44+113
59054,2001:3a50:a8ff:ff23::1636,2001:32af:ea15:0:6800::780d,-,-,0,0,58,48+64
59347,2001:3376:cff:ffff::c6,2001:390a:2002:1a00:1e::,-,-,0,0,41,40+60
59961,2001:3269:3d:0:8883::ed2e,2001:54e5:0:8f0f::d0,-,-,0,0,58,44+107
60303,2001:3abf:f5a5::a3:2f,2001:3c00:59d4:7a::49,53,61870,0,0,17,60+20
60310,2001:3abf:f5a5::a3:2f,2001:3c00:59d4:7a::49,53,61870,0,0,17,60+20
60325,2001:3abf:f5a5::a3:2f,2001:3c00:59d4:7a::49,53,61870,0,0,17,60+20
60793,2001:3376:cff:ffff::c6,2001:390a:2002:1a00:1e::,-,-,0,0,41,40+60
60796,2001:385a:498f:78:7c00::a6,2001:3c00:5846:1a2a::300:53,37582,53,0,0,17,60+65
60935,2001:3c00:5846:1a2a::300:53,2001:385a:498f:78:7c00::a6,53,37582,0,0,17,60+112
61213,2002:305a:446f::370f:1b30,2001:34ca:bb:9e:8c13:28ff:c953:b2c5,1203,80,0,0,6,60+20
61243,2002:305a:446f::370f:1b30,2001:34ca:bb:9e:8c13:28ff:c953:b2c5,1203,80,0,0,6,60+589
61565,2001:3996:8800:271e::6c,2001:3c00:5846:bd74:f381:68ff:8990:3b19,-,-,0,0,58,48+64
61579,2001:3c00:5846:bd74:f381:68ff:8990:3b19,2001:3996:8800:271e::6c,-,-,0,0,58,48+64
61645,2001:39c2::6ba3,2001:3c00:5846:1a2a::300:54,-,-,0,0,58,48+64
61665,2001:3c00:5846:1a2a::300:54,2001:39c2::6ba3,-,-,0,0,58,48+64
62121,2001:3cc1:a1:6e::f4,2001:3abf:22df::63:1a,32771,53,0,0,17,60+39
62232,2001:3376:cff:ffff::c6,2001:390a:2002:1a00:1e::,-,-,0,0,41,40+60
62610,2001:3269:3d:0:8883::ed2e,2001:38af:277::f919,-,-,0,0,58,44+112
62637,3ffe:3c05:3a:0:1dfb:e3ff:4357:b0f,2001:3c00:5846:1a2a::300:53,32769,53,0,0,17,60+48
63141,2001:30db:c130:cde6:4ee0:c5ff:9f21:11a2,2001:3abe:66ff::74,33067,53,0,0,17,60+57
63143,2001:30db:c130:cde6:4ee0:c5ff:9f21:11a2,2001:3abe:66ff::74,33067,53,0,0,17,60+57
63146,2001:30db:c130:cde6:4ee0:c5ff:9f21:11a2,2001:3abe:66ff::74,33067,53,0,0,17,60+58
63150,2001:30db:c130:cde6:4ee0:c5ff:9f21:11a2,2001:3abe:66ff::74,33067,53,0,0,17,60+58
63229,2001:3cc1:1e:1f75::91,2001:3abf:f5a5::a3:2f,59671,53,0,0,17,60+40
63234,2001:3cc1:1e:1f75::91,2001:3abf:f5a5::a3:2f,59671,53,0,0,17,60+40
63238,2001:3cc1:1e:1f75::91,2001:3abf:f5a5::a3:2f,59671,53,0,0,17,60+40
63240,2001:3cc1:1e:1f75::91,2001:3abf:f5a5::a3:2f,59671,53,0,0,17,60+40
63531,2001:3376:cff:ffff::c6,2001:390a:2002:1a00:1e::,-,-,0,0,41,40+60
63692,2001:3269:3d:0:8883::ed2e,2001:385a:498f:78:7ed7:d7ff:5ec0:49c0,-,-,0,0,58,44+101
63843,2001:3a50:a8ff:ff23::93c,2001:3c00:5846:bd74:f381:68ff:8990:3b19,-,-,0,0,58,48+64
63991,2001:3376:cff:ffff::c6,2001:390a:2002:1a00:1e::,-,-,0,0,41,40+1213
64548,2001:3d4f::ed,2001:3a50:0:ec::71,-,-,0,0,58,48+64
64857,2001:3269:3d:0:8883::ed2e,2001:54e5:0:8f0f::d0,-,-,0,0,58,44+112
65021,2001:3376:cff:ffff::c6,2001:390a:2002:1a00:1e::,-,-,0,0,41,40+60
65119,2001:3215:283:4124:36b7:60ff:d9c1:3c66,2001:3b65:3b00:7e::5c,33309,53,0,0,17,60+63
65183,3ffe:5b5a:fd8b::c9d0:7fc7,2001:3c00:5846:bd74:f381:68ff:8990:3b19,-,-,0,0,58,48+64
65669,2002:90f3:2860::53df:6d54,2001:34ca:bb:9e:8c13:28ff:c953:b2c5,1085,80,0,0,6,60+20
66233,2001:2221:0:85:9bb2:99ff:9379:59e0,2001:3c21:f800:83::f5,32769,53,0,0,17,60+54
66717,2001:5696:6200:f::a6,2001:3c00:5846:bd74:f381:68ff:8990:3b19,-,-,0,0,58,48+64
66725,2001:3c00:5846:bd74:f381:68ff:8990:3b19,2001:5696:6200:f::a6,-,-,0,0,58,48+64
66873,2001:3269:3d:0:8883::ed2e,2001:38af:277::f919,-,-,0,0,58,44+112
66890,2001:3269:3d:0:8883::ed2e,2001:3812:64:27::50,-,-,0,0,58,44+110
66985,2001:3cc1:a1:45::67,2001:326d:747::79,45106,53,0,0,17,60+63
67085,3ffe:3c15:842b:84::1a,2001:3c00:5846:1a2a::300:53,32780,53,0,0,17,60+53
67090,3ffe:3c15:842b:84::1a,2001:3c00:5846:1a2a::300:53,32780,53,0,0,17,60+53
67093,3ffe:3c15:842b:84::1a,2001:3c00:5846:1a2a::300:53,32780,53,0,0,17,60+53
67095,3ffe:3c15:842b:84::1a,2001:3c00:5846:1a2a::300:53,32780,53,0,0,17,60+53
67181,2001:3c00:5d52:27:3234:1bff:26c7:4232,2001:3abf:f5a5::a3:2f,3600,53,0,0,17,60+41
67278,2001:3c21:f800:83::f5,2001:2221:0:85:9bb2:99ff:9379:59e0,53,32769,0,0,17,60+309
67492,3ffe:9d3c:de29:2e82:ec53:96ff:7344:8d,2001:3b65:3b00:7e::5e,61140,53,0,0,17,60+62
67868,2001:3269:3d:0:8883::ed2e,2001:23b9:0:4a:4dbf:b6ff:cbca:6d,-,-,0,0,58,44+112
67939,2001:3c00:5d52:27:3234:1bff:26c7:4232,2001:3abf:f5a5::a3:2f,3600,53,0,0,17,60+42
68017,2001:3316:ffff:16:3786:f6ff:424a:830d,2001:3940:42ff::25,53,49152,0,0,17,60+45
69280,2001:394f:4::50,2001:3c00:5979:16a6:fd83:bcff:3d95:382f,53,49154,0,0,17,60+129
69484,2001:3b46:3e01:6dd8:73ff:9ff:79d8:f231,2001:34ca:b8:c2::f9,-,-,0,0,58,48+72
69607,2001:3269:3d:0:8883::ed2e,2001:3b46:3e00:ffff::23b8,-,-,0,0,58,44+112
69671,2001:3c14:59c5:d730::33,2001:3c00:5943::5d,53,65533,0,0,17,60+376
69844,2001:3abf:f5a5::a3:2f,2001:3c00:5d52:27:3234:1bff:26c7:4232,53,3600,0,0,17,60+111
69992,2001:28d3:ff00:11e9::51,2001:3c00:5846:bd74:f381:68ff:8990:3b19,-,-,0,0,58,48+64
70012,2001:3c00:5846:bd74:f381:68ff:8990:3b19,2001:28d3:ff00:11e9::51,-,-,0,0,58,48+64
70547,2001:3c00:5983:8e71:75cd:d2ff:4588:c8b4,2001:3b65:3b00:7e::5c,9698,53,0,0,17,60+63
70691,2001:3abf:f5a5::a3:2f,2001:3c00:5d52:27:3234:1bff:26c7:4232,53,3600,0,0,17,60+283
70767,2001:3b46:3e98:49::9f,2001:34ca:b9:4c3f:b2e8:29ff:fbe4:c2e6,179,41460,0,0,6,60+93
70820,2001:5696:6200:f::a6,2001:3c00:5846:bd74:f381:68ff:8990:3b19,-,-,0,0,58,48+64
70834,2001:3c00:5846:bd74:f381:68ff:8990:3b19,2001:5696:6200:f::a6,-,-,0,0,58,48+64
70952,2002:90f3:2860::53df:6d54,2001:34ca:bb:9e:8c13:28ff:c953:b2c5,1085,80,0,0,6,60+20
70999,2001:3a50:a8ff:ff23::1bd2,2001:3c00:5846:bd74:f381:68ff:8990:3b19,-,-,0,0,58,48+64
72210,2001:3269:3d:0:8883::ed2e,2001:38af:277::f919,-,-,0,0,58,44+111
72219,2001:3269:3d:0:8883::ed2e,2001:38af:277::f919,-,-,0,0,58,44+111
72596,2001:3269:3d:0:8883::ed2e,2001:3b46:3e00:ffff::23b8,-,-,0,0,58,44+113
72842,2001:3cc1:f7:0:aaa6:4ff:e0aa:8df3,2001:3abe:b90f::12,40697,53,0,0,17,60+45
72895,2001:3a50:a8ff:ff23::1636,2001:32af:ea15:0:6a18:c8ff:3b8f:843b,-,-,0,0,58,48+64
73240,2002:90f3:2860::53df:6d54,2001:34ca:bb:9e:8c13:28ff:c953:b2c5,1085,80,0,0,6,60+20
73248,2001:3da6:613c:7000::bea9,2001:3c00:5846:1a2a::f00:d488,63980,6667,936823,0,6,72+118
73251,2001:3316:ffff:16:3786:f6ff:424a:830d,2001:2221:0:85:9bb2:99ff:9379:59e0,53,32769,0,0,17,60+43
73467,2001:3951:6a7d:c1:521e:2d7f:8bd:ced0,2001:3c00:5846:1a2a::f00:d488,1259,6667,0,0,6,60+85
73567,2001:3b46:3e01:548c::62,2001:343d:b5:b4::65,-,-,0,0,58,48+64
73809,2001:3a50:a8ff:ff23::1636,2001:32af:ea15:0:6800::780d,-,-,0,0,58,48+64
74009,2001:3c52::3b,2001:385a:498f:78:7c00::a6,53,37582,0,0,17,60+114
74010,2001:3c52::3b,2001:385a:498f:78:7c00::a6,53,37582,0,0,17,60+114
74911,2001:3b46:3e98:49::9f,2001:34ca:b9:4c3f:b2e8:29ff:fbe4:c2e6,179,41460,0,0,6,60+86
75145,2001:3c00:5846:1a2a::f00:d488,2001:3951:6a7d:c1:521e:2d7f:8bd:ced0,6667,1259,256161,0,6,60+20
75587,2001:385a:498f:79::f4,2001:326c::e5,32816,53,0,0,17,60+65
75591,2001:326c::e5,2001:385a:498f:79::f4,53,32816,0,0,17,60+112
76354,2001:3996:8800:271e::6c,2001:3c00:5846:bd74:f381:68ff:8990:3b19,-,-,0,0,58,48+64
76362,2001:3c00:5846:bd74:f381:68ff:8990:3b19,2001:3996:8800:271e::6c,-,-,0,0,58,48+64
76492,2001:3da6:613c:7000::a68f,2001:3c00:5846:1a2a::f00:d488,65528,6667,746972,0,6,72+32
76629,2002:90f3:2860::53df:6d54,2001:34ca:bb:9e:8c13:28ff:c953:b2c5,1085,80,0,0,6,60+20
76634,2002:90f3:2860::53df:6d54,2001:34ca:bb:9e:8c13:28ff:c953:b2c5,1085,80,0,0,6,60+20
76638,2002:90f3:2860::53df:6d54,2001:34ca:bb:9e:8c13:28ff:c953:b2c5,1085,80,0,0,6,60+20
76759,2002:90f3:2860::53df:6d54,2001:34ca:bb:9e:8c13:28ff:c953:b2c5,1085,80,0,0,6,60+20
77109,3ffe:3c05:3a:0:1dce:4eff:c0a4:8aae,2001:3c00:5846:1a2a::300:53,53,53,0,0,17,60+53
77955,2001:3c14:59c5:d656::85,2001:3c00:5943::5d,53,65533,0,0,17,60+376
77990,2001:3269:3d:0:8883::ed2e,2001:3b46:3e00:ffff::23b8,-,-,0,0,58,44+110
78291,2001:3c00:5846:1a2a::300:54,2001:3959:ae47:0:8d:24:0:9a88,65533,53,0,0,17,60+60
78637,2001:3c00:5846:1a2a::300:54,2001:3959:ae47:0:8d:24:0:9a88,65533,53,0,0,17,60+60
78760,2001:3c00:5846:1a2a::f00:d488,2001:3951:6a7d:c1:521e:2d7f:8bd:ced0,6667,1259,256161,0,6,60+118
79137,2001:3a50:a8ff:ff23::93c,2001:3c00:5846:bd74:f381:68ff:8990:3b19,-,-,0,0,58,48+64
79160,2001:3c00:5846:1a2a::300:54,2001:3959:ae47:0:8d:24:0:9a88,65533,53,0,0,17,60+58
79421,2001:3da6:6072:0:c4f7:50ff:1f16:5d73,2001:326c::e5,53,53,0,0,17,60+53
79828,2001:3c00:5846:1a2a::300:54,2001:3959:ae47:0:8d:24:0:9a88,65533,53,0,0,17,60+58
80087,2001:3ca7:7a:e90a:1b22:a2ff:7c68:fc80,2001:39c8:5:fd09::1d,53,41367,0,0,17,60+97
80230,2001:3c00:5846:1a2a::300:54,2001:3959:ae47:0:8d:24:0:9a88,65533,53,0,0,17,60+79
80374,2001:3c00:5846:1a2a::300:54,2001:3959:ae47:0:8d:24:0:9a88,65533,53,0,0,17,60+79
80530,2001:3d4f::ed,2001:3a50:0:ec::71,-,-,0,0,58,48+64
81099,2001:38ed:0:704e::2b,2001:3c00:5e00:6700::9d52:d0,35271,53,0,0,17,60+109
81135,3ffe:5b5a:fd8b::c9d0:7fc7,2001:3c00:5846:bd74:f381:68ff:8990:3b19,-,-,0,0,58,48+64
82832,2001:5696:6200:f::a6,2001:3c00:5846:bd74:f381:68ff:8990:3b19,-,-,0,0,58,48+64
82841,2001:3959:ae47:0:8d:24:0:9a88,2001:3c00:5846:1a2a::300:54,53,65533,0,0,17,60+60
82848,2001:3c00:5846:bd74:f381:68ff:8990:3b19,2001:5696:6200:f::a6,-,-,0,0,58,48+64
83306,2001:3959:ae47:0:8d:24:0:9a88,2001:3c00:5846:1a2a::300:54,53,65533,0,0,17,60+60
83689,2001:3959:ae47:0:8d:24:0:9a88,2001:3c00:5846:1a2a::300:54,53,65533,0,0,17,60+58
84132,2001:2221:0:91::c896,2001:385a:49a8:8984::43,53,55555,0,0,17,60+119
84198,2001:3959:ae47:0:8d:24:0:9a88,2001:3c00:5846:1a2a::300:54,53,65533,0,0,17,60+58
84576,2001:3959:ae47:0:8d:24:0:9a88,2001:3c00:5846:1a2a::300:54,53,65533,0,0,17,60+79
84687,2001:3959:ae47:0:8d:24:0:9a88,2001:3c00:5846:1a2a::300:54,53,65533,0,0,17,60+79
86622,2001:28d3:ff00:11e9::51,2001:3c00:5846:bd74:f381:68ff:8990:3b19,-,-,0,0,58,48+64
86639,2001:3c00:5846:bd74:f381:68ff:8990:3b19,2001:28d3:ff00:11e9::51,-,-,0,0,58,48+64
86851,2002:d090:4cfb::85,2001:3b65:3b00:7e::5e,3243,53,0,0,17,60+62
87144,2001:5696:6200:f::a6,2001:3c00:5846:bd74:f381:68ff:8990:3b19,-,-,0,0,58,48+64
87161,2001:3c00:5846:bd74:f381:68ff:8990:3b19,2001:5696:6200:f::a6,-,-,0,0,58,48+64
87164,2001:3269:3d:0:8883::ed2e,2001:54e5:0:8f0f::d0,-,-,0,0,58,44+112
87317,2001:3a50:a8ff:ff23::1bd2,2001:3c00:5846:bd74:f381:68ff:8990:3b19,-,-,0,0,58,48+64
87717,2001:3951:7400:ead3::e5,2001:3c00:5846:1a2a::f00:d488,32782,6667,0,0,6,72+45
88433,2001:3951:6a7d:c1:521e:2d7f:8bd:ced0,2001:3c00:5846:1a2a::f00:d488,1259,6667,0,0,6,60+20
88980,2001:38ed:0:6c00::adff,2001:326c::e5,32769,53,0,0,17,60+51
89119,2001:28d3:ff92::91,2001:3c00:5846:1a2a::f00:d488,33012,6667,0,0,6,72+59
89194,2001:3a50:a8ff:ff23::1636,2001:32af:ea15:0:6a18:c8ff:3b8f:843b,-,-,0,0,58,48+64
89260,2002:90f3:4c0e::8995:b250,2001:34ca:bb:9e:8c13:28ff:c953:b2c5,1085,80,0,0,6,64+24
89353,2001:3c00:5846:1a2a::f00:d488,2001:3951:7400:ead3::e5,6667,32782,251187,0,6,72+32
89359,2001:3c52::3b,2001:385a:498f:78:7c00::a6,53,37582,0,0,17,60+132
90069,2001:385a:498f:79::f4,2001:3c00:5846:1a2a::300:53,32816,53,0,0,17,60+47
90070,2001:385a:498f:79::f4,2001:3c00:5846:1a2a::300:53,32816,53,0,0,17,60+47
90100,2001:3a50:a8ff:ff23::1636,2001:32af:ea15:0:6800::780d,-,-,0,0,58,48+64
90185,2001:3c00:5846:1a2a::300:53,2001:385a:498f:79::f4,53,32816,0,0,17,60+103
90187,2001:3c00:5846:1a2a::300:53,2001:385a:498f:79::f4,53,32816,0,0,17,60+103
90529,2001:3269:3d:0:8883::ed2e,2001:23b9:0:48:cf:c57a:e40d:bf,-,-,0,0,58,44+111
90632,2001:3c00:5846:1a2a::f00:d488,2001:28d3:ff92::91,6667,33012,255469,0,6,72+32
92214,2001:3269:3d:0:8883::ed2e,2001:23b9:0:4a:4dbf:b6ff:cbca:6d,-,-,0,0,58,44+110
93314,2001:3269:3d:0:8883::ed2e,2001:54e5:0:8f0f::d0,-,-,0,0,58,44+108
93465,2001:3c00:5846:1a2a::f00:d488,2001:28d3:ff92::91,6667,33012,255469,0,6,72+103
93466,2001:3c00:5846:1a2a::f00:d488,2001:3951:7400:ead3::e5,6667,32782,251187,0,6,72+105
95386,2002:90f3:4c0e::8995:b250,2001:34ca:bb:9e:8c13:28ff:c953:b2c5,1085,80,0,0,6,60+20
95402,2002:90f3:4c0e::8995:b250,2001:34ca:bb:9e:8c13:28ff:c953:b2c5,1085,80,0,0,6,60+400
95530,2001:3a50:a8ff:ff23::93c,2001:3c00:5846:bd74:f381:68ff:8990:3b19,-,-,0,0,58,48+64
95801,2001:3c47:fef9::2e,2001:2221:0:85:9bb2:99ff:9379:59e0,-,-,0,0,58,44+91
96198,2001:3c00:5846:bd74:f381:68ff:8990:3b19,2001:5110:5299::4e,-,-,0,0,58,48+64
96386,2001:3de7:0:c1::4f,2001:3abe:66ff::6,2027,53,0,0,17,60+49
96916,2001:3d4f::ed,2001:3a50:0:ec::71,-,-,0,0,58,48+64
97305,3ffe:5b5a:fd8b::c9d0:7fc7,2001:3c00:5846:bd74:f381:68ff:8990:3b19,-,-,0,0,58,48+64
98372,2001:39c2::6ba3,2001:3c00:5846:1a2a::300:54,-,-,0,0,58,48+108
98400,2001:3c00:5846:1a2a::300:54,2001:39c2::6ba3,-,-,0,0,58,48+108
98550,2001:2b01:ffbd:26::87,2001:3c00:5846:1a2a::f00:d488,54791,6667,0,0,6,72+46
98650,2001:3c00:5846:1a2a::f00:d488,2001:2b01:ffbd:26::87,6667,54791,247972,0,6,72+105
98850,2001:5696:6200:f::a6,2001:3c00:5846:bd74:f381:68ff:8990:3b19,-,-,0,0,58,48+64
98872,2001:3c00:5846:bd74:f381:68ff:8990:3b19,2001:5696:6200:f::a6,-,-,0,0,58,48+64
98937,2001:3269:3d:0:8883::ed2e,2001:38af:277::f919,-,-,0,0,58,44+111
99141,2001:3ca7:7a:e90a:1b22:a2ff:7c68:fc80,2001:390a:51b2:1f1e::16,53,57032,0,0,17,60+104
99143,2001:3ca7:7a:e90a:1b22:a2ff:7c68:fc80,2001:390a:51b2:1f1e::16,53,57032,0,0,17,60+104
99274,2001:3c14:59c6:b02::8500,2001:3c00:5e2a:b4::db,53,47823,0,0,17,60+152
99396,2001:3951:7400:ead3::e5,2001:3c00:5846:1a2a::f00:d488,32782,6667,0,0,6,72+32
99413,2001:28d3:ff92::91,2001:3c00:5846:1a2a::f00:d488,33012,6667,0,0,6,72+32
99436,2001:3c14:59c6:b02::8500,2001:3c00:5e2a:b4::db,53,47823,0,0,17,60+152
99540,2001:3c14:59c6:b02::8500,2001:3c00:5e2a:b4::db,53,47823,0,0,17,60+152
99582,2001:3269:3d:0:8883::ed2e,2001:54e5:0:8f0f::d0,-,-,0,0,58,44+109
99858,2001:3c14:59c6:b02::8500,2001:3c00:5e2a:b4::db,53,47823,0,0,17,60+442
